,id,date,store_nbr,item_nbr,unit_sales,onpromotion,class,outlier_flag,holiday_flag,expanding_mean,lag_7,lag_30,rolling_std_7,lag_1,lag_2,lag_12,rolling_mean_7,dcoilwtico
1,16324284,2014-01-01,36,1158720,28.0,0.0,1040,0,1,28.0,,,,,,,,
3,16353829,2014-01-02,24,1158720,20.0,0.0,1040,0,0,24.0,,,,28.0,,,,95.14
6,16357818,2014-01-02,27,1158720,7.0,0.0,1040,0,0,18.33333333333333,,,,20.0,28.0,,,95.14
8,16359202,2014-01-02,28,1158720,224.0,0.0,1040,0,0,69.75,,,,7.0,20.0,,,95.14
10,16360295,2014-01-02,30,1158720,35.0,0.0,1040,0,0,62.8,,,,224.0,7.0,,,95.14
12,16362450,2014-01-02,32,1158720,19.0,0.0,1040,0,0,55.5,,,,35.0,224.0,,,95.14
14,16364662,2014-01-02,34,1158720,124.0,0.0,1040,0,0,65.28571428571429,,,80.14094726524904,19.0,35.0,,65.28571428571429,95.14
16,16365647,2014-01-02,35,1158720,49.0,0.0,1040,0,0,63.25,28.0,,78.89595318247589,124.0,19.0,,68.28571428571429,95.14
18,16366842,2014-01-02,36,1158720,93.0,0.0,1040,0,0,66.55555555555556,20.0,,76.22929070839346,49.0,124.0,,78.71428571428571,95.14
21,16419963,2014-01-03,24,1158720,7.0,0.0,1040,0,0,60.6,7.0,,76.22929070839346,93.0,49.0,,78.71428571428571,93.66
23,16422576,2014-01-03,26,1158720,10.0,0.0,1040,0,0,56.0,224.0,,44.60354459542639,7.0,93.0,,48.142857142857146,93.66
25,16423871,2014-01-03,27,1158720,7.0,0.0,1040,0,0,51.91666666666666,35.0,,47.16081908897319,10.0,7.0,,44.142857142857146,93.66
27,16425163,2014-01-03,28,1158720,9.0,0.0,1040,0,0,48.61538461538461,19.0,,48.18960567630842,7.0,10.0,,42.71428571428572,93.66
28,16426147,2014-01-03,30,1158720,5.0,0.0,1040,0,0,45.5,124.0,,33.479915798949726,9.0,7.0,,25.714285714285715,93.66
30,16428249,2014-01-03,32,1158720,12.0,0.0,1040,0,0,43.266666666666666,49.0,,32.08248298192825,5.0,9.0,,20.428571428571427,93.66
32,16430417,2014-01-03,34,1158720,82.0,0.0,1040,0,0,45.6875,93.0,,27.937003963850387,12.0,5.0,,18.857142857142858,93.66
34,16431386,2014-01-03,35,1158720,49.0,0.0,1040,0,0,45.88235294117647,7.0,,29.43596763274807,82.0,12.0,,24.857142857142858,93.66
36,16432502,2014-01-03,36,1158720,68.0,0.0,1040,0,0,47.11111111111112,10.0,,32.55471584593429,49.0,82.0,,33.142857142857146,93.66
39,16486653,2014-01-04,24,1158720,13.0,0.0,1040,0,0,45.31578947368421,7.0,,31.822423959633685,68.0,49.0,,34.0,93.66
41,16489313,2014-01-04,26,1158720,17.0,0.0,1040,0,0,43.9,9.0,,30.905385568584293,13.0,68.0,,35.142857142857146,93.66
43,16490704,2014-01-04,27,1158720,9.0,0.0,1040,0,0,42.23809523809524,5.0,,30.2859389030305,17.0,13.0,,35.714285714285715,93.66
45,16492223,2014-01-04,28,1158720,30.0,0.0,1040,0,0,41.68181818181818,12.0,,28.65725205315569,9.0,17.0,,38.285714285714285,93.66
47,16493346,2014-01-04,30,1158720,42.0,0.0,1040,0,0,41.69565217391305,82.0,,21.609080983521302,30.0,9.0,,32.57142857142857,93.66
49,16495603,2014-01-04,32,1158720,40.0,0.0,1040,0,0,41.625,49.0,,20.71806205314813,42.0,30.0,,31.285714285714285,93.66
51,16497919,2014-01-04,34,1158720,136.0,0.0,1040,0,0,45.4,68.0,,43.84062043356596,40.0,42.0,,41.0,93.66
53,16498937,2014-01-04,35,1158720,41.0,0.0,1040,0,0,45.23076923076923,13.0,,42.10304818735417,136.0,40.0,,45.0,93.66
55,16500097,2014-01-04,36,1158720,51.0,0.0,1040,0,0,45.44444444444444,17.0,,40.25513868410083,41.0,136.0,,49.85714285714285,93.66
58,16554689,2014-01-05,24,1158720,15.0,0.0,1040,0,0,44.35714285714285,9.0,,39.292553517234815,51.0,41.0,,50.71428571428572,93.66
60,16557225,2014-01-05,26,1158720,13.0,0.0,1040,0,0,43.27586206896552,30.0,,41.26222762492869,15.0,51.0,,48.285714285714285,93.66
62,16558700,2014-01-05,27,1158720,6.0,0.0,1040,0,0,42.03333333333333,42.0,,44.30736797805595,13.0,15.0,,43.142857142857146,93.66
64,16560279,2014-01-05,28,1158720,381.0,0.0,1040,0,0,52.96774193548387,40.0,28.0,134.9721311622373,6.0,13.0,,91.85714285714286,93.66
66,16561395,2014-01-05,30,1158720,14.0,0.0,1040,0,0,51.75,136.0,20.0,136.1933149887286,381.0,6.0,,74.42857142857143,93.66
67,16563623,2014-01-05,32,1158720,20.0,0.0,1040,0,0,50.78787878787879,41.0,7.0,137.27934676279256,14.0,381.0,,71.42857142857143,93.66
68,16565908,2014-01-05,34,1158720,22.0,0.0,1040,0,0,49.94117647058823,51.0,224.0,138.43134794994268,20.0,14.0,,67.28571428571429,93.66
70,16566872,2014-01-05,35,1158720,73.0,0.0,1040,0,0,50.6,15.0,35.0,136.5025727997549,22.0,20.0,,75.57142857142857,93.66
72,16568026,2014-01-05,36,1158720,104.0,0.0,1040,0,0,52.083333333333336,13.0,19.0,133.85795598675628,73.0,22.0,,88.57142857142857,93.66
74,16591522,2014-01-05,51,1158720,4.0,0.0,1040,0,0,50.78378378378378,6.0,124.0,134.06554899962717,104.0,73.0,,88.28571428571429,93.66
76,16620426,2014-01-06,24,1158720,13.0,0.0,1040,0,0,49.78947368421053,381.0,49.0,37.59749231759252,4.0,104.0,,35.714285714285715,93.12
78,16622772,2014-01-06,26,1158720,5.0,0.0,1040,0,0,48.64102564102564,14.0,93.0,38.60421886641036,13.0,4.0,,34.42857142857143,93.12
80,16624010,2014-01-06,27,1158720,8.0,0.0,1040,0,0,47.625,20.0,7.0,39.60519446450716,5.0,13.0,,32.714285714285715,93.12
82,16625343,2014-01-06,28,1158720,422.0,0.0,1040,0,0,56.75609756097561,22.0,10.0,151.64808886742642,8.0,5.0,,89.85714285714286,93.12
84,16626335,2014-01-06,30,1158720,17.0,0.0,1040,0,0,55.80952380952381,73.0,7.0,154.14217308643836,422.0,8.0,,81.85714285714286,93.12
86,16628349,2014-01-06,32,1158720,24.0,0.0,1040,0,0,55.06976744186046,104.0,9.0,155.1889784991803,17.0,422.0,,70.42857142857143,93.12
88,16630495,2014-01-06,34,1158720,121.0,0.0,1040,0,0,56.56818181818182,4.0,5.0,153.12895281584142,24.0,17.0,,87.14285714285714,93.12
90,16631427,2014-01-06,35,1158720,32.0,0.0,1040,0,0,56.02222222222223,13.0,12.0,151.7579526432674,121.0,24.0,,89.85714285714286,93.12
92,16632516,2014-01-06,36,1158720,57.0,0.0,1040,0,0,56.04347826086956,5.0,82.0,148.14150249644683,32.0,121.0,,97.28571428571428,93.12
94,16654377,2014-01-06,51,1158720,1.0,0.0,1040,0,0,54.87234042553192,8.0,49.0,148.86651099303057,57.0,32.0,,96.28571428571428,93.12
96,16683311,2014-01-07,24,1158720,6.0,0.0,1040,0,0,53.85416666666666,422.0,68.0,41.44646575776424,1.0,57.0,,36.85714285714285,93.31
99,16686867,2014-01-07,27,1158720,12.0,0.0,1040,0,0,53.0,17.0,13.0,41.88646786822912,6.0,1.0,,36.142857142857146,93.31
101,16688211,2014-01-07,28,1158720,118.0,0.0,1040,0,0,54.3,24.0,17.0,51.34477299867742,12.0,6.0,,49.57142857142857,93.31
103,16689264,2014-01-07,30,1158720,12.0,0.0,1040,0,0,53.47058823529412,121.0,9.0,41.69332480545697,118.0,12.0,,34.0,93.31
105,16691353,2014-01-07,32,1158720,12.0,0.0,1040,0,0,52.67307692307692,32.0,30.0,42.53010138489589,12.0,118.0,,31.142857142857142,93.31
107,16693502,2014-01-07,34,1158720,79.0,0.0,1040,0,0,53.16981132075472,57.0,42.0,45.47055562197836,12.0,12.0,,34.285714285714285,93.31
109,16694393,2014-01-07,35,1158720,81.0,0.0,1040,0,0,53.68518518518518,1.0,40.0,45.76284623182976,79.0,12.0,,45.71428571428572,93.31
111,16695481,2014-01-07,36,1158720,44.0,0.0,1040,0,0,53.50909090909091,6.0,136.0,42.39665305747838,81.0,79.0,,51.142857142857146,93.31
114,16746344,2014-01-08,24,1158720,6.0,0.0,1040,0,0,52.660714285714285,12.0,41.0,43.36939891103821,44.0,81.0,,50.285714285714285,91.9
115,16748769,2014-01-08,26,1158720,15.0,0.0,1040,0,0,52.0,118.0,51.0,32.73559297796585,6.0,44.0,,35.57142857142857,91.9
116,16750040,2014-01-08,27,1158720,17.0,0.0,1040,0,0,51.39655172413793,12.0,15.0,32.18547439303577,15.0,6.0,,36.285714285714285,91.9
118,16751403,2014-01-08,28,1158720,129.0,0.0,1040,0,0,52.71186440677966,12.0,13.0,45.21430452117265,17.0,15.0,,53.0,91.9
120,16752390,2014-01-08,30,1158720,7.0,0.0,1040,0,0,51.95,79.0,6.0,46.48553282371583,129.0,17.0,,42.71428571428572,91.9
122,16754326,2014-01-08,32,1158720,12.0,0.0,1040,0,0,51.29508196721312,81.0,381.0,44.27726493897506,7.0,129.0,,32.857142857142854,91.9
124,16756463,2014-01-08,34,1158720,62.0,0.0,1040,0,0,51.46774193548387,44.0,14.0,45.53700745129226,12.0,7.0,,35.42857142857143,91.9
126,16757262,2014-01-08,35,1158720,55.0,0.0,1040,0,0,51.523809523809526,6.0,20.0,43.99945887113137,62.0,12.0,,42.42857142857143,91.9
128,16758248,2014-01-08,36,1158720,28.0,0.0,1040,0,0,51.15625,15.0,22.0,42.90965037422346,55.0,62.0,,44.285714285714285,91.9
130,16780371,2014-01-08,51,1158720,3.0,0.0,1040,0,0,50.41538461538462,17.0,73.0,44.6830105137448,28.0,55.0,,42.285714285714285,91.9
132,16809058,2014-01-09,24,1158720,8.0,0.0,1040,0,0,49.77272727272727,129.0,104.0,24.30363484474423,3.0,28.0,,25.0,91.36
134,16811319,2014-01-09,26,1158720,5.0,0.0,1040,0,0,49.1044776119403,7.0,4.0,24.560905830976484,8.0,3.0,,24.714285714285715,91.36
136,16812515,2014-01-09,27,1158720,4.0,0.0,1040,0,0,48.44117647058823,12.0,13.0,25.422150072047675,5.0,8.0,,23.571428571428573,91.36
138,16813864,2014-01-09,28,1158720,29.0,0.0,1040,0,0,48.15942028985507,62.0,5.0,19.47159102751637,4.0,5.0,,18.857142857142858,91.36
140,16814856,2014-01-09,30,1158720,14.0,0.0,1040,0,0,47.67142857142857,55.0,8.0,11.19523708249772,29.0,4.0,,13.0,91.36
141,16816889,2014-01-09,32,1158720,27.0,0.0,1040,0,0,47.38028169014085,28.0,422.0,10.976164652381506,14.0,29.0,,12.857142857142858,91.36
143,16819016,2014-01-09,34,1158720,80.0,0.0,1040,0,0,47.833333333333336,3.0,17.0,26.729687436934046,27.0,14.0,,23.857142857142858,91.36
145,16819906,2014-01-09,35,1158720,32.0,0.0,1040,0,0,47.61643835616438,8.0,24.0,25.88251846140096,80.0,27.0,,27.285714285714285,91.36
147,16820908,2014-01-09,36,1158720,62.0,0.0,1040,0,0,47.810810810810814,5.0,121.0,26.657438879589456,32.0,80.0,,35.42857142857143,91.36
150,16871036,2014-01-10,24,1158720,5.0,0.0,1040,0,0,47.24,4.0,32.0,26.46291205226126,62.0,32.0,,35.57142857142857,92.39
153,16874813,2014-01-10,27,1158720,52.0,0.0,1040,0,0,47.30263157894737,29.0,57.0,26.93466521930782,5.0,62.0,,38.85714285714285,92.39
155,16876132,2014-01-10,28,1158720,424.0,0.0,1040,0,0,52.1948051948052,14.0,1.0,146.09113267963613,52.0,5.0,,97.42857142857144,92.39
157,16877106,2014-01-10,30,1158720,20.0,0.0,1040,0,0,51.782051282051285,27.0,6.0,146.6763524940281,424.0,52.0,,96.42857142857144,92.39
158,16879128,2014-01-10,32,1158720,26.0,0.0,1040,0,0,51.45569620253165,80.0,12.0,149.08466753908027,20.0,424.0,,88.71428571428571,92.39
160,16881285,2014-01-10,34,1158720,69.0,0.0,1040,0,0,51.675,32.0,118.0,147.3849834051398,26.0,20.0,,94.0,92.39
162,16882137,2014-01-10,35,1158720,13.0,0.0,1040,0,0,51.19753086419753,62.0,12.0,150.2930470780335,69.0,26.0,,87.0,92.39
164,16883085,2014-01-10,36,1158720,33.0,0.0,1040,0,0,50.97560975609756,5.0,12.0,148.10356736644349,13.0,69.0,,91.0,92.39
166,16905157,2014-01-10,51,1158720,5.0,0.0,1040,0,0,50.42168674698795,52.0,79.0,151.1993323240486,33.0,13.0,,84.28571428571429,92.39
168,16936477,2014-01-11,24,1158720,8.0,0.0,1040,0,0,49.91666666666666,424.0,81.0,21.828334578620225,5.0,33.0,,24.857142857142858,92.39
171,16940582,2014-01-11,27,1158720,2.0,0.0,1040,0,0,49.35294117647059,20.0,44.0,23.49265336024772,8.0,5.0,,22.285714285714285,92.39
173,16942066,2014-01-11,28,1158720,121.0,0.0,1040,0,0,50.18604651162791,26.0,6.0,44.258440142073695,2.0,8.0,,35.857142857142854,92.39
175,16943199,2014-01-11,30,1158720,17.0,0.0,1040,0,0,49.80459770114943,69.0,15.0,42.07872440579733,121.0,2.0,,28.428571428571427,92.39
176,16945428,2014-01-11,32,1158720,12.0,0.0,1040,0,0,49.375,13.0,17.0,42.14148504626715,17.0,121.0,,28.285714285714285,92.39
178,16947688,2014-01-11,34,1158720,94.0,0.0,1040,0,0,49.87640449438202,33.0,129.0,49.023803741991806,12.0,17.0,,37.0,92.39
180,16948632,2014-01-11,35,1158720,456.0,0.0,1040,0,0,54.388888888888886,5.0,7.0,163.24813132453423,94.0,12.0,,101.42857142857144,92.39
182,16949745,2014-01-11,36,1158720,22.0,0.0,1040,0,0,54.03296703296704,8.0,12.0,161.99368006484815,456.0,94.0,28.0,103.42857142857144,92.39
185,17003946,2014-01-12,24,1158720,2.0,0.0,1040,0,0,53.46739130434783,2.0,62.0,161.99368006484815,22.0,456.0,20.0,103.42857142857144,92.39
187,17006503,2014-01-12,26,1158720,5.0,0.0,1040,0,0,52.94623655913978,121.0,55.0,165.78543218211158,2.0,22.0,7.0,86.85714285714286,92.39
189,17007935,2014-01-12,27,1158720,8.0,0.0,1040,0,0,52.46808510638298,17.0,28.0,166.4510510058509,5.0,2.0,224.0,85.57142857142857,92.39
191,17009522,2014-01-12,28,1158720,83.0,0.0,1040,0,0,52.78947368421053,12.0,3.0,163.3551491747498,8.0,5.0,35.0,95.71428571428572,92.39
193,17010653,2014-01-12,30,1158720,5.0,0.0,1040,0,0,52.29166666666666,94.0,8.0,166.93511713636926,83.0,8.0,19.0,83.0,92.39
195,17012901,2014-01-12,32,1158720,36.0,0.0,1040,0,0,52.123711340206185,456.0,5.0,29.108990592827592,5.0,83.0,124.0,23.0,92.39
197,17015181,2014-01-12,34,1158720,50.0,0.0,1040,0,0,52.10204081632653,22.0,4.0,30.822070014844755,36.0,5.0,49.0,27.0,92.39
200,17017242,2014-01-12,36,1158720,65.0,0.0,1040,0,0,52.23232323232323,2.0,29.0,31.496031496047127,50.0,36.0,93.0,36.0,92.39
203,17070180,2014-01-13,24,1158720,13.0,0.0,1040,0,0,51.84,5.0,14.0,30.306372110105546,65.0,50.0,7.0,37.142857142857146,91.45
206,17075051,2014-01-13,28,1158720,371.0,0.0,1040,0,0,55.0,8.0,27.0,127.34336784196232,13.0,65.0,10.0,89.0,91.45
208,17076066,2014-01-13,30,1158720,23.0,0.0,1040,0,0,54.68627450980392,83.0,80.0,129.80993431790588,371.0,13.0,7.0,80.42857142857143,91.45
209,17078143,2014-01-13,32,1158720,19.0,0.0,1040,0,0,54.33980582524272,5.0,32.0,128.55589853296908,23.0,371.0,9.0,82.42857142857143,91.45
211,17080348,2014-01-13,34,1158720,51.0,0.0,1040,0,0,54.30769230769231,36.0,62.0,127.7756590576587,19.0,23.0,5.0,84.57142857142857,91.45
213,17082291,2014-01-13,36,1158720,44.0,0.0,1040,0,0,54.20952380952381,50.0,5.0,128.06601720169465,51.0,19.0,12.0,83.71428571428571,91.45
216,17132952,2014-01-14,24,1158720,3.0,0.0,1040,0,0,53.72641509433962,65.0,52.0,131.6693188400757,44.0,51.0,82.0,74.85714285714286,92.15
220,17137712,2014-01-14,28,1158720,18.0,0.0,1040,0,0,53.39252336448598,13.0,424.0,131.2908439849699,3.0,44.0,49.0,75.57142857142857,92.15
222,17138771,2014-01-14,30,1158720,18.0,0.0,1040,0,0,53.06481481481482,371.0,20.0,16.62757319864146,18.0,3.0,68.0,25.142857142857142,92.15
224,17140823,2014-01-14,32,1158720,7.0,0.0,1040,0,0,52.642201834862384,23.0,26.0,18.013222656598117,18.0,18.0,13.0,22.857142857142858,92.15
226,17142961,2014-01-14,34,1158720,36.0,0.0,1040,0,0,52.49090909090909,19.0,69.0,18.544669366282896,7.0,18.0,17.0,25.285714285714285,92.15
228,17143848,2014-01-14,35,1158720,16.0,0.0,1040,0,0,52.16216216216216,51.0,13.0,14.795430439995686,36.0,7.0,9.0,20.285714285714285,92.15
230,17144937,2014-01-14,36,1158720,63.0,0.0,1040,0,0,52.25892857142857,44.0,33.0,20.510160083886618,16.0,36.0,30.0,23.0,92.15
233,17195626,2014-01-15,24,1158720,5.0,0.0,1040,0,0,51.84070796460177,3.0,5.0,20.196652244982364,63.0,16.0,42.0,23.285714285714285,93.78
237,17200881,2014-01-15,28,1158720,34.0,0.0,1040,0,0,51.68421052631579,18.0,8.0,20.40308099983196,5.0,63.0,40.0,25.571428571428573,93.78
239,17201909,2014-01-15,30,1158720,25.0,0.0,1040,0,0,51.45217391304348,18.0,2.0,20.13998628646597,34.0,5.0,136.0,26.571428571428573,93.78
240,17203915,2014-01-15,32,1158720,11.0,0.0,1040,0,0,51.10344827586207,7.0,121.0,19.53994687325207,25.0,34.0,41.0,27.142857142857142,93.78
242,17206067,2014-01-15,34,1158720,25.0,0.0,1040,0,0,50.88034188034188,36.0,17.0,19.14729870292509,11.0,25.0,51.0,25.571428571428573,93.78
244,17207000,2014-01-15,35,1158720,51.0,0.0,1040,0,0,50.88135593220339,16.0,12.0,20.735293124341663,25.0,11.0,15.0,30.571428571428573,93.78
246,17208035,2014-01-15,36,1158720,47.0,0.0,1040,0,0,50.84873949579832,63.0,94.0,17.133926245067656,51.0,25.0,13.0,28.285714285714285,93.78
248,17230075,2014-01-15,51,1158720,12.0,0.0,1040,0,0,50.525,5.0,456.0,15.691975504635645,47.0,51.0,6.0,29.285714285714285,93.78
250,17258950,2014-01-16,24,1158720,1.0,0.0,1040,0,0,50.11570247933884,34.0,22.0,18.70701421799776,12.0,47.0,381.0,24.571428571428573,93.54
254,17263889,2014-01-16,28,1158720,315.0,0.0,1040,0,0,52.28688524590164,25.0,2.0,111.3807284348,1.0,12.0,14.0,66.0,93.54
256,17264940,2014-01-16,30,1158720,12.0,0.0,1040,0,0,51.959349593495936,11.0,5.0,111.29903948586522,315.0,1.0,20.0,66.14285714285714,93.54
257,17267023,2014-01-16,32,1158720,7.0,0.0,1040,0,0,51.596774193548384,25.0,8.0,112.60825479341663,12.0,315.0,22.0,63.57142857142857,93.54
259,17269176,2014-01-16,34,1158720,82.0,0.0,1040,0,0,51.84,51.0,83.0,112.64102272262976,7.0,12.0,73.0,68.0,93.54
261,17270116,2014-01-16,35,1158720,54.0,0.0,1040,0,0,51.85714285714285,47.0,5.0,112.45443521711358,82.0,7.0,104.0,69.0,93.54
263,17271215,2014-01-16,36,1158720,8.0,0.0,1040,0,0,51.511811023622045,12.0,36.0,112.80197566658887,54.0,82.0,4.0,68.42857142857143,93.54
265,17293238,2014-01-16,51,1158720,2.0,0.0,1040,0,0,51.125,1.0,50.0,112.70293865269164,8.0,54.0,13.0,68.57142857142857,93.54
267,17322116,2014-01-17,24,1158720,5.0,0.0,1040,0,0,50.76744186046512,315.0,65.0,31.08437059420836,2.0,8.0,5.0,24.285714285714285,93.96
269,17324624,2014-01-17,26,1158720,2.0,0.0,1040,0,0,50.39230769230769,12.0,13.0,31.96054114804973,5.0,2.0,8.0,22.857142857142858,93.96
271,17325861,2014-01-17,27,1158720,2.0,0.0,1040,0,0,50.02290076335878,7.0,371.0,32.42647360531484,2.0,5.0,422.0,22.142857142857142,93.96
273,17327136,2014-01-17,28,1158720,10.0,0.0,1040,0,0,49.71969696969697,82.0,23.0,18.8540762297223,2.0,2.0,17.0,11.857142857142858,93.96
275,17328134,2014-01-17,30,1158720,9.0,0.0,1040,0,0,49.41353383458647,54.0,19.0,3.5523298860094856,10.0,2.0,24.0,5.428571428571429,93.96
276,17330132,2014-01-17,32,1158720,21.0,0.0,1040,0,0,49.20149253731344,8.0,51.0,6.921326600063789,9.0,10.0,121.0,7.285714285714286,93.96
278,17332277,2014-01-17,34,1158720,48.0,0.0,1040,0,0,49.19259259259259,2.0,44.0,16.4055739656632,21.0,9.0,32.0,13.857142857142858,93.96
280,17333174,2014-01-17,35,1158720,80.0,0.0,1040,0,0,49.419117647058826,5.0,3.0,29.1768009604498,48.0,21.0,57.0,24.571428571428573,93.96
282,17334215,2014-01-17,36,1158720,36.0,0.0,1040,0,0,49.32116788321168,2.0,18.0,27.57932282741978,80.0,48.0,1.0,29.428571428571427,93.96
284,17356572,2014-01-17,51,1158720,6.0,0.0,1040,0,0,49.0072463768116,2.0,18.0,26.95057204092937,36.0,80.0,6.0,30.0,93.96
286,17387736,2014-01-18,24,1158720,6.0,0.0,1040,0,0,48.69784172661871,10.0,7.0,27.482461940039222,6.0,36.0,12.0,29.428571428571427,93.96
288,17390485,2014-01-18,26,1158720,6.0,0.0,1040,0,0,48.392857142857146,9.0,36.0,27.87471972953253,6.0,6.0,118.0,29.0,93.96
290,17391882,2014-01-18,27,1158720,27.0,0.0,1040,0,0,48.241134751773046,21.0,16.0,27.679285705069184,6.0,6.0,12.0,29.857142857142858,93.96
292,17393378,2014-01-18,28,1158720,28.0,0.0,1040,0,0,48.098591549295776,48.0,63.0,26.50157228040109,27.0,6.0,12.0,27.0,93.96
294,17394544,2014-01-18,30,1158720,111.0,0.0,1040,0,0,48.53846153846154,80.0,5.0,37.246284570218606,28.0,27.0,79.0,31.428571428571427,93.96
295,17396820,2014-01-18,32,1158720,11.0,0.0,1040,0,0,48.27777777777778,36.0,34.0,37.9272486541824,111.0,28.0,81.0,27.857142857142858,93.96
297,17399204,2014-01-18,34,1158720,174.0,0.0,1040,0,0,49.144827586206894,6.0,25.0,65.1649920622736,11.0,111.0,44.0,51.85714285714285,93.96
299,17400208,2014-01-18,35,1158720,37.0,0.0,1040,0,0,49.06164383561644,6.0,11.0,62.52923125950576,174.0,11.0,6.0,56.285714285714285,93.96
301,17401375,2014-01-18,36,1158720,32.0,0.0,1040,0,0,48.94557823129252,6.0,25.0,59.755055574124086,37.0,174.0,15.0,60.0,93.96
303,17425284,2014-01-18,51,1158720,4.0,0.0,1040,0,0,48.641891891891895,27.0,51.0,62.44387956587969,32.0,37.0,17.0,56.71428571428572,93.96
306,17458487,2014-01-19,26,1158720,16.0,0.0,1040,0,0,48.42281879194631,28.0,47.0,63.51902602108016,4.0,32.0,129.0,55.0,93.96
308,17459951,2014-01-19,27,1158720,16.0,0.0,1040,0,0,48.20666666666666,111.0,12.0,59.58707114483005,16.0,4.0,7.0,41.42857142857143,93.96
310,17461509,2014-01-19,28,1158720,85.0,0.0,1040,0,0,48.450331125827816,11.0,1.0,59.85259671337013,16.0,16.0,12.0,52.0,93.96
312,17462637,2014-01-19,30,1158720,19.0,0.0,1040,0,0,48.25657894736842,174.0,315.0,26.667261898118586,85.0,16.0,62.0,29.857142857142858,93.96
313,17464903,2014-01-19,32,1158720,41.0,0.0,1040,0,0,48.209150326797385,37.0,12.0,26.8877738191984,19.0,85.0,55.0,30.428571428571427,93.96
315,17467217,2014-01-19,34,1158720,54.0,0.0,1040,0,0,48.24675324675325,32.0,7.0,28.34817538430009,41.0,19.0,28.0,33.57142857142857,93.96
317,17468215,2014-01-19,35,1158720,25.0,0.0,1040,0,0,48.096774193548384,4.0,82.0,25.683049811481467,54.0,41.0,3.0,36.57142857142857,93.96
319,17469338,2014-01-19,36,1158720,55.0,0.0,1040,0,0,48.14102564102564,16.0,54.0,24.687571579160668,25.0,54.0,8.0,42.142857142857146,93.96
321,17492876,2014-01-19,51,1158720,8.0,0.0,1040,0,0,47.88535031847134,16.0,8.0,26.236107434856343,55.0,25.0,5.0,41.0,93.96
323,17522412,2014-01-20,24,1158720,3.0,0.0,1040,0,0,47.60126582278481,85.0,2.0,21.124348397952662,8.0,55.0,4.0,29.285714285714285,93.96
325,17524747,2014-01-20,26,1158720,1.0,0.0,1040,0,0,47.30817610062893,19.0,5.0,23.542261897236745,3.0,8.0,29.0,26.714285714285715,93.96
327,17525978,2014-01-20,27,1158720,8.0,0.0,1040,0,0,47.0625,41.0,2.0,23.508863576673715,1.0,3.0,14.0,22.0,93.96
329,17527315,2014-01-20,28,1158720,11.0,0.0,1040,0,0,46.838509316770185,54.0,2.0,18.92466266919561,8.0,1.0,27.0,15.857142857142858,93.96
331,17528343,2014-01-20,30,1158720,14.0,0.0,1040,0,0,46.63580246913581,25.0,10.0,18.49066688642545,11.0,8.0,80.0,14.285714285714286,93.96
332,17530453,2014-01-20,32,1158720,19.0,0.0,1040,0,0,46.466257668711656,55.0,9.0,6.20291790016431,14.0,11.0,32.0,9.142857142857142,93.96
334,17532700,2014-01-20,34,1158720,46.0,0.0,1040,0,0,46.46341463414634,8.0,21.0,15.175167685587631,19.0,14.0,62.0,14.571428571428571,93.96
336,17533609,2014-01-20,35,1158720,46.0,0.0,1040,0,0,46.46060606060606,3.0,48.0,18.12653934349902,46.0,19.0,5.0,20.714285714285715,93.96
338,17534710,2014-01-20,36,1158720,54.0,0.0,1040,0,0,46.506024096385545,1.0,80.0,19.533853397919685,46.0,46.0,52.0,28.285714285714285,93.96
340,17556758,2014-01-20,51,1158720,3.0,0.0,1040,0,0,46.24550898203593,8.0,36.0,20.46832628605404,54.0,46.0,424.0,27.571428571428573,93.96
342,17585862,2014-01-21,24,1158720,10.0,0.0,1040,0,0,46.02976190476191,11.0,6.0,20.60628660431174,3.0,54.0,20.0,27.428571428571427,94.51
345,17589335,2014-01-21,27,1158720,6.0,0.0,1040,0,0,45.79289940828402,14.0,6.0,21.669596871456065,10.0,3.0,26.0,26.285714285714285,94.51
347,17590728,2014-01-21,28,1158720,231.0,0.0,1040,0,0,46.88235294117647,19.0,6.0,79.84538630557,6.0,10.0,69.0,56.57142857142857,94.51
349,17591811,2014-01-21,30,1158720,37.0,0.0,1040,0,0,46.82456140350877,46.0,27.0,80.11598734691735,231.0,6.0,13.0,55.285714285714285,94.51
351,17593955,2014-01-21,32,1158720,16.0,0.0,1040,0,0,46.645348837209305,46.0,28.0,81.4861951498534,37.0,231.0,33.0,51.0,94.51
353,17596169,2014-01-21,34,1158720,55.0,0.0,1040,0,0,46.69364161849711,54.0,111.0,81.49320742947138,16.0,37.0,5.0,51.142857142857146,94.51
355,17597109,2014-01-21,35,1158720,50.0,0.0,1040,0,0,46.71264367816092,3.0,11.0,78.75580099571195,55.0,16.0,8.0,57.85714285714285,94.51
357,17598246,2014-01-21,36,1158720,27.0,0.0,1040,0,0,46.6,10.0,174.0,77.282413449448,50.0,55.0,2.0,60.285714285714285,94.51
359,17619985,2014-01-21,51,1158720,10.0,0.0,1040,0,0,46.39204545454545,6.0,37.0,76.8275744148947,27.0,50.0,121.0,60.85714285714285,94.51
361,17648867,2014-01-22,24,1158720,5.0,0.0,1040,0,0,46.15819209039548,231.0,32.0,19.535072245042706,10.0,27.0,17.0,28.571428571428573,96.35
363,17651259,2014-01-22,26,1158720,12.0,0.0,1040,0,0,45.96629213483146,37.0,4.0,20.016659728002985,5.0,10.0,12.0,25.0,96.35
365,17652548,2014-01-22,27,1158720,11.0,0.0,1040,0,0,45.7709497206704,16.0,16.0,20.475304521254014,12.0,5.0,94.0,24.285714285714285,96.35
366,17653845,2014-01-22,28,1158720,20.0,0.0,1040,0,0,45.62777777777778,55.0,16.0,15.359191446972444,11.0,12.0,456.0,19.285714285714285,96.35
367,17654853,2014-01-22,30,1158720,19.0,0.0,1040,0,0,45.48066298342541,50.0,85.0,7.470577207252002,20.0,11.0,22.0,14.857142857142858,96.35
369,17656753,2014-01-22,32,1158720,7.0,0.0,1040,0,0,45.26923076923077,27.0,19.0,5.6568542494914205,19.0,20.0,2.0,12.0,96.35
371,17658874,2014-01-22,34,1158720,116.0,0.0,1040,0,0,45.65573770491803,10.0,41.0,39.57873406864071,7.0,19.0,5.0,27.142857142857142,96.35
373,17659720,2014-01-22,35,1158720,37.0,0.0,1040,0,0,45.60869565217392,5.0,54.0,38.42618155075286,116.0,7.0,8.0,31.714285714285715,96.35
375,17660623,2014-01-22,36,1158720,160.0,0.0,1040,0,0,46.22702702702703,12.0,25.0,60.27555770909838,37.0,116.0,83.0,52.85714285714285,96.35
378,17710819,2014-01-23,24,1158720,3.0,0.0,1040,0,0,45.994623655913976,11.0,55.0,61.26911752183766,160.0,37.0,5.0,51.71428571428572,97.23
380,17713054,2014-01-23,26,1158720,3.0,0.0,1040,0,0,45.76470588235294,20.0,8.0,63.04684577284382,3.0,160.0,36.0,49.285714285714285,97.23
382,17714241,2014-01-23,27,1158720,4.0,0.0,1040,0,0,45.54255319148936,19.0,3.0,64.48624807256337,3.0,3.0,50.0,47.142857142857146,97.23
384,17715553,2014-01-23,28,1158720,14.0,0.0,1040,0,0,45.37566137566137,7.0,1.0,63.81073204257663,4.0,3.0,65.0,48.142857142857146,97.23
386,17716574,2014-01-23,30,1158720,15.0,0.0,1040,0,0,45.21578947368421,116.0,8.0,56.9611396354692,14.0,4.0,13.0,33.714285714285715,97.23
388,17718559,2014-01-23,32,1158720,15.0,0.0,1040,0,0,45.05759162303665,37.0,11.0,57.35520070245626,15.0,14.0,371.0,30.571428571428573,97.23
390,17720664,2014-01-23,34,1158720,25.0,0.0,1040,0,0,44.953125,160.0,14.0,8.30088922373699,15.0,15.0,23.0,11.285714285714286,97.23
392,17721605,2014-01-23,35,1158720,22.0,0.0,1040,0,0,44.83419689119171,3.0,19.0,8.246211251234778,25.0,15.0,19.0,14.0,97.23
394,17722578,2014-01-23,36,1158720,10.0,0.0,1040,0,0,44.654639175257735,3.0,46.0,7.023769168567856,22.0,25.0,51.0,15.0,97.23
396,17744047,2014-01-23,51,1158720,4.0,0.0,1040,0,0,44.44615384615385,4.0,46.0,7.023769168567856,10.0,22.0,44.0,15.0,97.23
398,17772836,2014-01-24,24,1158720,4.0,0.0,1040,0,0,44.23979591836735,14.0,54.0,8.182443458550262,4.0,10.0,3.0,13.571428571428571,96.66
400,17775381,2014-01-24,26,1158720,20.0,0.0,1040,0,0,44.11675126903553,15.0,3.0,8.538428538364244,4.0,4.0,18.0,14.285714285714286,96.66
402,17776611,2014-01-24,27,1158720,11.0,0.0,1040,0,0,43.94949494949495,15.0,10.0,8.616153157766306,20.0,4.0,18.0,13.714285714285714,96.66
403,17777894,2014-01-24,28,1158720,24.0,0.0,1040,0,0,43.84924623115578,25.0,6.0,8.403514004215062,11.0,20.0,7.0,13.571428571428571,96.66
405,17778862,2014-01-24,30,1158720,26.0,0.0,1040,0,0,43.76,22.0,231.0,9.172941575244453,24.0,11.0,36.0,14.142857142857142,96.66
407,17780864,2014-01-24,32,1158720,13.0,0.0,1040,0,0,43.60696517412935,10.0,37.0,9.015859043136452,26.0,24.0,16.0,14.571428571428571,96.66
409,17782968,2014-01-24,34,1158720,76.0,0.0,1040,0,0,43.76732673267327,4.0,16.0,23.835747463481155,13.0,26.0,63.0,24.857142857142858,96.66
411,17783912,2014-01-24,35,1158720,51.0,0.0,1040,0,0,43.80295566502463,4.0,55.0,23.599838578947363,76.0,13.0,5.0,31.571428571428573,96.66
413,17784949,2014-01-24,36,1158720,12.0,0.0,1040,0,0,43.64705882352941,20.0,50.0,24.43260896736925,51.0,76.0,34.0,30.428571428571427,96.66
415,17807124,2014-01-24,51,1158720,3.0,0.0,1040,0,0,43.44878048780488,11.0,27.0,25.64965422583223,12.0,51.0,25.0,29.285714285714285,96.66
417,17837939,2014-01-25,24,1158720,8.0,0.0,1040,0,0,43.27669902912621,24.0,10.0,26.88246020487444,3.0,12.0,11.0,27.0,96.66
419,17840744,2014-01-25,26,1158720,4.0,0.0,1040,0,0,43.08695652173913,26.0,5.0,28.269114898469116,8.0,3.0,25.0,23.857142857142858,96.66
421,17842157,2014-01-25,27,1158720,8.0,0.0,1040,0,0,42.91826923076923,13.0,12.0,28.64977353853805,4.0,8.0,51.0,23.142857142857142,96.66
423,17843648,2014-01-25,28,1158720,35.0,0.0,1040,0,0,42.880382775119614,76.0,11.0,18.40031055638517,8.0,4.0,47.0,17.285714285714285,96.66
425,17844770,2014-01-25,30,1158720,14.0,0.0,1040,0,0,42.74285714285714,51.0,20.0,10.87811258138672,35.0,8.0,12.0,12.0,96.66
427,17846977,2014-01-25,32,1158720,16.0,0.0,1040,0,0,42.61611374407583,12.0,19.0,10.982670331892802,14.0,35.0,1.0,12.571428571428571,96.66
429,17849283,2014-01-25,34,1158720,64.0,0.0,1040,0,0,42.71698113207548,3.0,7.0,21.390919301690136,16.0,14.0,315.0,21.285714285714285,96.66
431,17850332,2014-01-25,35,1158720,54.0,0.0,1040,0,0,42.76995305164319,8.0,116.0,23.58268129672384,64.0,16.0,12.0,27.857142857142858,96.66
433,17851485,2014-01-25,36,1158720,42.0,0.0,1040,0,0,42.76635514018692,4.0,37.0,21.453160495322983,54.0,64.0,7.0,33.285714285714285,96.66
435,17875187,2014-01-25,51,1158720,14.0,0.0,1040,0,0,42.632558139534886,8.0,160.0,20.366873196676885,42.0,54.0,82.0,34.142857142857146,96.66
437,17905707,2014-01-26,24,1158720,7.0,0.0,1040,0,0,42.4675925925926,35.0,3.0,22.777390627758816,14.0,42.0,54.0,30.142857142857142,96.66
439,17908211,2014-01-26,26,1158720,32.0,0.0,1040,0,0,42.41935483870968,14.0,3.0,21.638809931188145,7.0,14.0,8.0,32.714285714285715,96.66
441,17909632,2014-01-26,27,1158720,29.0,0.0,1040,0,0,42.357798165137616,16.0,4.0,20.49273971318556,32.0,7.0,2.0,34.57142857142857,96.66
442,17911192,2014-01-26,28,1158720,19.0,0.0,1040,0,0,42.25114155251141,64.0,14.0,16.36488691710136,29.0,32.0,5.0,28.142857142857142,96.66
444,17912330,2014-01-26,30,1158720,24.0,0.0,1040,0,0,42.16818181818182,54.0,15.0,11.739230119965924,19.0,29.0,2.0,23.857142857142858,96.66
445,17914545,2014-01-26,32,1158720,22.0,0.0,1040,0,0,42.07692307692308,42.0,15.0,8.60232526704212,24.0,19.0,2.0,21.0,96.66
447,17916803,2014-01-26,34,1158720,107.0,0.0,1040,0,0,42.369369369369366,14.0,25.0,33.0540682605246,22.0,24.0,10.0,34.285714285714285,96.66
449,17917816,2014-01-26,35,1158720,46.0,0.0,1040,0,0,42.38565022421525,7.0,22.0,30.90538556858414,107.0,22.0,9.0,39.85714285714285,96.66
451,17918961,2014-01-26,36,1158720,99.0,0.0,1040,0,0,42.63839285714285,32.0,10.0,37.69552202785329,46.0,107.0,21.0,49.42857142857143,96.66
454,17971507,2014-01-27,24,1158720,4.0,0.0,1040,0,0,42.46666666666667,29.0,4.0,40.99361158127181,99.0,46.0,48.0,45.85714285714285,95.82
457,17974993,2014-01-27,27,1158720,6.0,0.0,1040,0,0,42.30530973451327,19.0,4.0,42.67317658670364,4.0,99.0,80.0,44.0,95.82
459,17976303,2014-01-27,28,1158720,29.0,0.0,1040,0,0,42.24669603524229,24.0,20.0,42.32302086616794,6.0,4.0,36.0,44.71428571428572,95.82
461,17977315,2014-01-27,30,1158720,7.0,0.0,1040,0,0,42.0921052631579,22.0,11.0,44.01082118016401,29.0,6.0,6.0,42.57142857142857,95.82
463,17979317,2014-01-27,32,1158720,5.0,0.0,1040,0,0,41.930131004366814,107.0,24.0,35.109352979892094,7.0,29.0,6.0,28.0,95.82
465,17981535,2014-01-27,34,1158720,76.0,0.0,1040,0,0,42.07826086956522,46.0,26.0,39.258605365423854,5.0,7.0,6.0,32.285714285714285,95.82
467,17982450,2014-01-27,35,1158720,75.0,0.0,1040,0,0,42.22077922077922,99.0,13.0,33.01226323367599,76.0,5.0,27.0,28.857142857142858,95.82
469,17983534,2014-01-27,36,1158720,47.0,0.0,1040,0,0,42.241379310344826,4.0,76.0,31.58586181611416,75.0,76.0,28.0,35.0,95.82
472,18034213,2014-01-28,24,1158720,11.0,0.0,1040,0,0,42.107296137339056,6.0,51.0,30.869155510067863,47.0,75.0,111.0,35.714285714285715,97.49
475,18037678,2014-01-28,27,1158720,11.0,0.0,1040,0,0,41.97435897435897,29.0,12.0,32.24090864842649,11.0,47.0,11.0,33.142857142857146,97.49
476,18039014,2014-01-28,28,1158720,11.0,0.0,1040,0,0,41.84255319148936,7.0,3.0,31.73176266621117,11.0,11.0,174.0,33.714285714285715,97.49
478,18040037,2014-01-28,30,1158720,6.0,0.0,1040,0,0,41.690677966101696,5.0,8.0,31.582846459370664,11.0,11.0,37.0,33.857142857142854,97.49
480,18042072,2014-01-28,32,1158720,11.0,0.0,1040,0,0,41.56118143459916,76.0,4.0,26.22884635191514,6.0,11.0,32.0,24.571428571428573,97.49
482,18044213,2014-01-28,34,1158720,126.0,0.0,1040,0,0,41.91596638655462,75.0,8.0,43.78138330169018,11.0,6.0,4.0,31.857142857142858,97.49
484,18045089,2014-01-28,35,1158720,15.0,0.0,1040,0,0,41.80334728033473,47.0,35.0,43.607011231812486,126.0,11.0,16.0,27.285714285714285,97.49
486,18046147,2014-01-28,36,1158720,61.0,0.0,1040,0,0,41.88333333333333,11.0,14.0,44.57898287630289,15.0,126.0,16.0,34.42857142857143,97.49
488,18067645,2014-01-28,51,1158720,1.0,0.0,1040,0,0,41.71369294605809,11.0,16.0,45.60336244912932,61.0,15.0,85.0,33.0,97.49
490,18095956,2014-01-29,24,1158720,8.0,0.0,1040,0,0,41.574380165289256,11.0,64.0,45.85795875256957,1.0,61.0,19.0,32.57142857142857,97.34
492,18098323,2014-01-29,26,1158720,3.0,0.0,1040,0,0,41.41563786008231,6.0,54.0,46.16069241042118,8.0,1.0,41.0,32.142857142857146,97.34
494,18099592,2014-01-29,27,1158720,11.0,0.0,1040,0,0,41.290983606557376,11.0,42.0,46.16069241042118,3.0,8.0,54.0,32.142857142857146,97.34
496,18100909,2014-01-29,28,1158720,22.0,0.0,1040,0,0,41.21224489795918,126.0,14.0,20.548432914411904,11.0,3.0,25.0,17.285714285714285,97.34
498,18101909,2014-01-29,30,1158720,20.0,0.0,1040,0,0,41.1260162601626,15.0,7.0,20.54263858417392,22.0,11.0,55.0,18.0,97.34
500,18103836,2014-01-29,32,1158720,106.0,0.0,1040,0,0,41.388663967611336,61.0,32.0,36.82778454218643,20.0,22.0,8.0,24.428571428571427,97.34
502,18105898,2014-01-29,34,1158720,73.0,0.0,1040,0,0,41.516129032258064,1.0,29.0,39.1736062747792,106.0,20.0,3.0,34.714285714285715,97.34
504,18106724,2014-01-29,35,1158720,13.0,0.0,1040,0,0,41.40160642570281,8.0,19.0,38.64736792614782,73.0,106.0,1.0,35.42857142857143,97.34
506,18107715,2014-01-29,36,1158720,11.0,0.0,1040,0,0,41.28,3.0,24.0,37.63357163870719,13.0,73.0,8.0,36.57142857142857,97.34
509,18157337,2014-01-30,24,1158720,23.0,0.0,1040,0,0,41.20717131474104,11.0,22.0,36.53178655050175,11.0,13.0,11.0,38.285714285714285,98.25
511,18159581,2014-01-30,26,1158720,2.0,0.0,1040,0,0,41.0515873015873,22.0,107.0,38.7335218420131,23.0,11.0,14.0,35.42857142857143,98.25
512,18160790,2014-01-30,27,1158720,3.0,0.0,1040,0,0,40.901185770750985,20.0,46.0,40.36087214122103,2.0,23.0,19.0,33.0,98.25
514,18162092,2014-01-30,28,1158720,827.0,0.0,1040,0,0,43.99606299212599,106.0,99.0,305.6735731680665,3.0,2.0,46.0,136.0,98.25
516,18163147,2014-01-30,30,1158720,14.0,0.0,1040,0,0,43.87843137254902,73.0,4.0,308.50059813170384,827.0,3.0,46.0,127.57142857142856,98.25
518,18165180,2014-01-30,32,1158720,13.0,0.0,1040,0,0,43.7578125,13.0,6.0,308.50059813170384,14.0,827.0,54.0,127.57142857142856,98.25
520,18167321,2014-01-30,34,1158720,80.0,0.0,1040,0,0,43.8988326848249,11.0,29.0,305.2402644600136,13.0,14.0,3.0,137.42857142857142,98.25
522,18168185,2014-01-30,35,1158720,14.0,0.0,1040,0,0,43.78294573643411,23.0,7.0,305.82098716483824,80.0,13.0,10.0,136.14285714285714,98.25
524,18169231,2014-01-30,36,1158720,34.0,0.0,1040,0,0,43.745173745173744,2.0,5.0,303.7135241669438,14.0,80.0,6.0,140.71428571428572,98.25
526,18190862,2014-01-30,51,1158720,7.0,0.0,1040,0,0,43.60384615384616,3.0,76.0,303.4148503758038,34.0,14.0,231.0,141.28571428571428,98.25
528,18219961,2014-01-31,24,1158720,3.0,0.0,1040,0,0,43.44827586206897,827.0,75.0,26.72612419124208,7.0,34.0,37.0,23.571428571428573,97.55
530,18222578,2014-01-31,26,1158720,10.0,0.0,1040,0,0,43.3206106870229,14.0,47.0,27.006172134038437,3.0,7.0,16.0,23.0,97.55
532,18223878,2014-01-31,27,1158720,6.0,0.0,1040,0,0,43.1787072243346,13.0,11.0,27.56205120571848,10.0,3.0,55.0,22.0,97.55
534,18225238,2014-01-31,28,1158720,21.0,0.0,1040,0,0,43.09469696969697,80.0,11.0,10.783585409579487,6.0,10.0,50.0,13.571428571428571,97.55
536,18226240,2014-01-31,30,1158720,20.0,0.0,1040,0,0,43.00754716981132,14.0,11.0,11.058287131635511,21.0,6.0,27.0,14.428571428571429,97.55
538,18228317,2014-01-31,32,1158720,16.0,0.0,1040,0,0,42.90601503759399,34.0,6.0,7.151423434732317,20.0,21.0,10.0,11.857142857142858,97.55
540,18230477,2014-01-31,34,1158720,54.0,0.0,1040,0,0,42.94756554307117,7.0,11.0,17.047552540439014,16.0,20.0,5.0,18.571428571428573,97.55
542,18231401,2014-01-31,35,1158720,31.0,0.0,1040,0,0,42.90298507462686,3.0,126.0,16.040128250288248,54.0,16.0,12.0,22.571428571428573,97.55
544,18232505,2014-01-31,36,1158720,29.0,0.0,1040,0,0,42.85130111524163,10.0,15.0,15.1406107947492,31.0,54.0,11.0,25.285714285714285,97.55
546,18255100,2014-01-31,51,1158720,2.0,0.0,1040,0,0,42.7,6.0,61.0,16.038643809190226,29.0,31.0,20.0,24.714285714285715,97.55
548,18280593,2014-02-01,24,1158720,9.0,0.0,1040,0,0,42.57564575645756,21.0,1.0,17.10750322714123,2.0,29.0,19.0,23.0,97.55
550,18282819,2014-02-01,26,1158720,19.0,0.0,1040,0,0,42.4889705882353,20.0,8.0,17.140872901037003,9.0,2.0,7.0,22.857142857142858,97.55
552,18284005,2014-02-01,27,1158720,12.0,0.0,1040,0,0,42.37728937728938,16.0,3.0,17.4710645135915,19.0,9.0,116.0,22.285714285714285,97.55
554,18285184,2014-02-01,28,1158720,55.0,0.0,1040,0,0,42.42335766423358,54.0,11.0,17.77504939380934,12.0,19.0,37.0,22.428571428571427,97.55
556,18286064,2014-02-01,30,1158720,18.0,0.0,1040,0,0,42.334545454545456,31.0,22.0,17.405527310379366,55.0,12.0,160.0,20.571428571428573,97.55
558,18287943,2014-02-01,32,1158720,28.0,0.0,1040,0,0,42.28260869565217,29.0,20.0,17.328753973834797,18.0,55.0,3.0,20.428571428571427,97.55
560,18289970,2014-02-01,34,1158720,148.0,0.0,1040,0,0,42.66425992779784,2.0,106.0,49.48304182820018,28.0,18.0,3.0,41.285714285714285,97.55
562,18290820,2014-02-01,35,1158720,56.0,0.0,1040,0,0,42.71223021582734,9.0,73.0,47.521924764610624,148.0,28.0,4.0,48.0,97.55
564,18291879,2014-02-01,36,1158720,22.0,0.0,1040,0,0,42.63799283154122,19.0,13.0,47.22942988877833,56.0,148.0,14.0,48.42857142857143,97.55
566,18310814,2014-02-01,51,1158720,2.0,0.0,1040,0,0,42.49285714285714,12.0,11.0,48.644972333565086,22.0,56.0,15.0,47.0,97.55
568,18334771,2014-02-02,24,1158720,6.0,0.0,1040,0,0,42.362989323843415,55.0,23.0,50.78057371344525,2.0,22.0,15.0,40.0,97.55
570,18336801,2014-02-02,26,1158720,13.0,0.0,1040,0,0,42.25886524822696,18.0,2.0,51.17523582656695,6.0,2.0,25.0,39.285714285714285,97.55
572,18337998,2014-02-02,27,1158720,8.0,0.0,1040,0,0,42.13780918727915,28.0,3.0,52.4526997807138,13.0,6.0,22.0,36.42857142857143,97.55
574,18339231,2014-02-02,28,1158720,82.0,0.0,1040,0,0,42.2781690140845,148.0,827.0,30.31501278244791,8.0,13.0,10.0,27.0,97.55
576,18340076,2014-02-02,30,1158720,28.0,0.0,1040,0,0,42.2280701754386,56.0,14.0,27.57414247684438,82.0,8.0,4.0,23.0,97.55
578,18341891,2014-02-02,32,1158720,18.0,0.0,1040,0,0,42.14335664335665,22.0,13.0,27.63968851040766,28.0,82.0,4.0,22.428571428571427,97.55
580,18343832,2014-02-02,34,1158720,39.0,0.0,1040,0,0,42.13240418118467,2.0,80.0,26.600214821903386,18.0,28.0,20.0,27.714285714285715,97.55
582,18344579,2014-02-02,35,1158720,69.0,0.0,1040,0,0,42.22569444444444,6.0,14.0,28.610687313858925,39.0,18.0,11.0,36.71428571428572,97.55
584,18345613,2014-02-02,36,1158720,80.0,0.0,1040,0,0,42.35640138408304,13.0,34.0,30.49980483934404,69.0,39.0,24.0,46.285714285714285,97.55
586,18364036,2014-02-02,51,1158720,11.0,0.0,1040,0,0,42.248275862068965,8.0,7.0,29.88708910613535,80.0,69.0,26.0,46.71428571428572,97.55
587,18387675,2014-02-03,24,1158720,7.0,0.0,1040,1,0,42.12714776632303,82.0,3.0,28.542366171476505,11.0,80.0,13.0,36.0,96.44
589,18389532,2014-02-03,26,1158720,2.0,0.0,1040,1,0,41.98972602739726,28.0,10.0,31.31407716301741,7.0,11.0,76.0,32.285714285714285,96.44
591,18390615,2014-02-03,27,1158720,17.0,0.0,1040,1,0,41.90443686006826,18.0,6.0,31.392295081375785,2.0,7.0,51.0,32.142857142857146,96.44
593,18391682,2014-02-03,28,1158720,276.04340368747046,0.0,1040,1,0,42.70082790369888,39.0,21.0,97.746467253717,17.0,2.0,12.0,66.0062005267815,96.44
595,18392455,2014-02-03,30,1158720,72.0,0.0,1040,1,0,42.800147131143966,69.0,20.0,97.7683556900744,276.04340368747046,17.0,3.0,66.43477195535293,96.44
596,18394161,2014-02-03,32,1158720,10.0,0.0,1040,1,0,42.68933582326848,80.0,16.0,99.71022709146976,72.0,276.04340368747046,8.0,56.43477195535292,96.44
598,18396029,2014-02-03,34,1158720,191.0,0.0,1040,1,0,43.18869832891404,11.0,54.0,108.83296604376233,10.0,72.0,4.0,82.14905766963864,96.44
600,18396716,2014-02-03,35,1158720,52.0,0.0,1040,1,0,43.21826645532708,7.0,31.0,104.91265103467671,191.0,10.0,8.0,88.57762909821007,96.44
602,18397677,2014-02-03,36,1158720,59.0,0.0,1040,1,0,43.27104817286779,2.0,29.0,99.12533607206947,52.0,191.0,35.0,96.7204862410672,96.44
604,18438414,2014-02-04,24,1158720,14.0,0.0,1040,0,0,43.17347801229157,17.0,2.0,99.5331022922902,59.0,52.0,14.0,96.29191481249578,97.24
606,18440215,2014-02-04,26,1158720,15.0,0.0,1040,0,0,43.07987841756635,276.04340368747046,9.0,63.25082344655004,14.0,59.0,16.0,59.0,97.24
608,18441244,2014-02-04,27,1158720,7.0,0.0,1040,0,0,42.96040862148169,72.0,19.0,65.74626551045623,15.0,14.0,64.0,49.71428571428572,97.24
610,18442339,2014-02-04,28,1158720,77.0,0.0,1040,0,0,43.072750507219375,10.0,12.0,63.8506441776803,7.0,15.0,54.0,59.285714285714285,97.24
612,18443154,2014-02-04,30,1158720,7.0,0.0,1040,0,0,42.95409014370878,191.0,55.0,28.896366553599425,77.0,7.0,42.0,33.0,97.24
614,18444851,2014-02-04,32,1158720,17.0,0.0,1040,0,0,42.86899476618843,52.0,18.0,28.07727432165225,7.0,77.0,14.0,28.0,97.24
616,18446688,2014-02-04,34,1158720,90.0,0.0,1040,0,0,43.02301765910938,59.0,28.0,35.29805066788194,17.0,7.0,7.0,32.42857142857143,97.24
618,18447311,2014-02-04,35,1158720,50.0,0.0,1040,0,0,43.04574398595267,14.0,148.0,34.78436977943341,90.0,17.0,32.0,37.57142857142857,97.24
620,18448272,2014-02-04,36,1158720,42.0,0.0,1040,0,0,43.04234871327101,15.0,56.0,33.33095229591198,50.0,90.0,29.0,41.42857142857143,97.24
622,18465576,2014-02-04,51,1158720,1.0,0.0,1040,0,0,42.90628933232191,7.0,22.0,34.42313729096115,42.0,50.0,19.0,40.57142857142857,97.24
623,18488496,2014-02-05,24,1158720,13.0,0.0,1040,0,0,42.809817431249904,77.0,2.0,31.511146931718628,1.0,42.0,24.0,31.428571428571427,97.4
625,18490343,2014-02-05,26,1158720,3.0,0.0,1040,0,0,42.68181158741952,7.0,6.0,32.059468551576195,13.0,1.0,22.0,30.857142857142858,97.4
627,18491395,2014-02-05,27,1158720,11.0,0.0,1040,0,0,42.58026731951112,17.0,13.0,32.56787783486431,3.0,13.0,107.0,30.0,97.4
629,18492381,2014-02-05,28,1158720,91.0,0.0,1040,0,0,42.73496295107818,90.0,8.0,32.87566765572227,11.0,3.0,46.0,30.142857142857142,97.4
631,18493121,2014-02-05,30,1158720,9.0,0.0,1040,0,0,42.62752676333589,50.0,82.0,32.39708981639259,91.0,11.0,99.0,24.285714285714285,97.4
633,18494684,2014-02-05,32,1158720,21.0,0.0,1040,0,0,42.55886794821419,42.0,28.0,31.44155575939919,9.0,91.0,4.0,21.285714285714285,97.4
635,18496478,2014-02-05,34,1158720,64.0,0.0,1040,0,0,42.62671963192238,1.0,18.0,33.60909740786575,21.0,9.0,6.0,30.285714285714285,97.4
637,18497080,2014-02-05,35,1158720,25.0,0.0,1040,0,0,42.57111483813082,13.0,39.0,32.87856444554688,64.0,21.0,29.0,32.0,97.4
639,18497945,2014-02-05,36,1158720,62.0,0.0,1040,0,0,42.63221196128136,3.0,69.0,31.74826579440773,25.0,64.0,7.0,40.42857142857143,97.4
641,18515351,2014-02-05,51,1158720,2.0,0.0,1040,0,0,42.504838256073576,11.0,80.0,33.28377267993373,62.0,25.0,5.0,39.142857142857146,97.4
643,18538049,2014-02-06,24,1158720,8.0,0.0,1040,0,0,42.39701063652335,91.0,11.0,25.636655305208496,2.0,62.0,76.0,27.285714285714285,97.84
645,18539791,2014-02-06,26,1158720,1.0,0.0,1040,0,0,42.26804798656533,9.0,7.0,26.742155057938707,8.0,2.0,75.0,26.142857142857142,97.84
647,18540784,2014-02-06,27,1158720,6.0,0.0,1040,0,0,42.15541429716605,21.0,2.0,27.802877548915323,1.0,8.0,47.0,24.0,97.84
649,18541821,2014-02-06,28,1158720,29.0,0.0,1040,0,0,42.11468546033272,64.0,17.0,21.93931022920532,6.0,1.0,11.0,19.0,97.84
651,18542590,2014-02-06,30,1158720,14.0,0.0,1040,0,0,42.027911739776144,25.0,276.04340368747046,21.831606620196958,29.0,6.0,11.0,17.428571428571427,97.84
653,18544140,2014-02-06,32,1158720,30.0,0.0,1040,0,0,41.99090278057683,62.0,72.0,12.143977539347254,14.0,29.0,11.0,12.857142857142858,97.84
655,18545870,2014-02-06,34,1158720,95.0,0.0,1040,0,0,42.15350737327445,2.0,10.0,32.34928423437171,30.0,14.0,6.0,26.142857142857142,97.84
657,18546514,2014-02-06,35,1158720,103.0,0.0,1040,0,0,42.33958227427361,8.0,191.0,41.96710730129102,95.0,30.0,11.0,39.71428571428572,97.84
659,18547422,2014-02-06,36,1158720,50.0,0.0,1040,0,0,42.36293720636424,1.0,52.0,38.365411009198645,103.0,95.0,126.0,46.71428571428572,97.84
662,18586925,2014-02-07,24,1158720,7.0,0.0,1040,0,0,42.255451075037904,6.0,59.0,38.190001184553125,50.0,103.0,15.0,46.85714285714285,99.98
665,18589823,2014-02-07,27,1158720,6.0,0.0,1040,0,0,42.145586071780215,29.0,14.0,40.8772844126461,7.0,50.0,61.0,43.57142857142857,99.98
667,18590774,2014-02-07,28,1158720,17.0,0.0,1040,0,0,42.06961753379901,14.0,15.0,40.5298244095215,6.0,7.0,1.0,44.0,99.98
669,18591501,2014-02-07,30,1158720,10.0,0.0,1040,0,0,41.973022300263466,30.0,7.0,42.34551755667695,17.0,6.0,8.0,41.142857142857146,99.98
671,18593057,2014-02-07,32,1158720,7.0,0.0,1040,0,0,41.86799820927168,95.0,77.0,36.32656118625911,10.0,17.0,3.0,28.571428571428573,99.98
673,18594798,2014-02-07,34,1158720,70.0,0.0,1040,0,0,41.952225759543325,103.0,7.0,25.62179132059602,7.0,10.0,11.0,23.857142857142858,99.98
675,18595365,2014-02-07,35,1158720,55.0,0.0,1040,0,0,41.99117433936559,50.0,17.0,26.525818509878764,70.0,7.0,22.0,24.571428571428573,99.98
677,18596257,2014-02-07,36,1158720,31.0,0.0,1040,0,0,41.95846251097461,7.0,90.0,25.40341184434312,55.0,70.0,20.0,28.0,99.98
680,18637741,2014-02-08,24,1158720,8.0,0.0,1040,0,0,41.85769555990348,6.0,50.0,25.124452138068094,31.0,55.0,106.0,28.285714285714285,99.98
682,18639857,2014-02-08,26,1158720,2.0,0.0,1040,0,0,41.73977338369074,17.0,42.0,26.829266180973026,8.0,31.0,73.0,26.142857142857142,99.98
684,18640959,2014-02-08,27,1158720,6.0,0.0,1040,0,0,41.63434632356186,10.0,1.0,27.26937930388271,2.0,8.0,13.0,25.571428571428573,99.98
686,18642100,2014-02-08,28,1158720,250.0,0.0,1040,0,0,42.24718648143374,7.0,13.0,87.60653378547025,6.0,2.0,11.0,60.285714285714285,99.98
687,18642935,2014-02-08,30,1158720,38.0,0.0,1040,0,0,42.23473138911282,70.0,3.0,87.84970932548045,250.0,6.0,23.0,55.71428571428572,99.98
689,18644692,2014-02-08,32,1158720,12.0,0.0,1040,0,0,42.14632574177623,55.0,11.0,89.39772022234325,38.0,250.0,2.0,49.57142857142857,99.98
691,18646599,2014-02-08,34,1158720,107.0,0.0,1040,0,0,42.33540350929292,31.0,91.0,91.35983279110698,12.0,38.0,3.0,60.42857142857143,99.98
693,18647307,2014-02-08,35,1158720,23.0,0.0,1040,0,0,42.27919594095195,8.0,9.0,90.09228073269664,107.0,12.0,827.0,62.57142857142857,99.98
695,18648301,2014-02-08,36,1158720,21.0,0.0,1040,0,0,42.21751711213759,2.0,21.0,88.23021834140164,23.0,107.0,14.0,65.28571428571429,99.98
698,18689688,2014-02-09,24,1158720,7.0,0.0,1040,0,0,42.11573238059962,6.0,64.0,88.11896720316437,21.0,23.0,13.0,65.42857142857143,99.98
700,18691619,2014-02-09,26,1158720,10.0,0.0,1040,0,0,42.02317983771605,250.0,25.0,35.040113067875545,7.0,21.0,80.0,31.142857142857142,99.98
702,18692773,2014-02-09,27,1158720,20.0,0.0,1040,0,0,41.95989483818239,38.0,62.0,35.11342166397857,10.0,7.0,14.0,28.571428571428573,99.98
704,18693958,2014-02-09,28,1158720,76.0,0.0,1040,0,0,42.05743095612456,12.0,2.0,38.2697194733827,20.0,10.0,34.0,37.71428571428572,99.98
706,18694788,2014-02-09,30,1158720,18.0,0.0,1040,0,0,41.988695439107055,107.0,8.0,23.252240035459927,76.0,20.0,7.0,25.0,99.98
708,18696538,2014-02-09,32,1158720,41.0,0.0,1040,0,0,41.98587864298425,23.0,1.0,23.978164670223613,18.0,76.0,3.0,27.571428571428573,99.98
710,18698433,2014-02-09,34,1158720,109.0,0.0,1040,0,0,42.17625966956668,21.0,6.0,38.580774881748674,41.0,18.0,10.0,40.142857142857146,99.98
712,18699109,2014-02-09,35,1158720,48.0,0.0,1040,0,0,42.19275751752824,7.0,29.0,35.71647612330541,109.0,41.0,6.0,46.0,99.98
714,18700087,2014-02-09,36,1158720,41.0,0.0,1040,0,0,42.18938814600981,10.0,14.0,32.26379365406926,48.0,109.0,21.0,50.42857142857143,99.98
717,18740962,2014-02-10,24,1158720,3.0,0.0,1040,0,0,42.07899550334498,20.0,30.0,35.42127421009366,41.0,48.0,20.0,48.0,100.12
719,18742679,2014-02-10,26,1158720,2.0,0.0,1040,0,0,41.96641405530188,76.0,95.0,36.69176630097949,3.0,41.0,16.0,37.42857142857143,100.12
721,18743707,2014-02-10,27,1158720,11.0,0.0,1040,0,0,41.87967339968479,18.0,103.0,37.39811556240537,2.0,3.0,54.0,36.42857142857143,100.12
723,18744696,2014-02-10,28,1158720,223.0,0.0,1040,0,0,42.38559609968567,41.0,50.0,80.04968695099538,11.0,2.0,31.0,62.42857142857143,100.12
724,18745447,2014-02-10,30,1158720,23.0,0.0,1040,0,0,42.33159722475619,109.0,7.0,78.29097132157814,223.0,11.0,29.0,50.142857142857146,100.12
726,18747006,2014-02-10,32,1158720,13.0,0.0,1040,0,0,42.250120565798525,48.0,6.0,79.5580051941737,23.0,223.0,2.0,45.142857142857146,100.12
728,18748809,2014-02-10,34,1158720,104.0,0.0,1040,0,0,42.421172863400194,41.0,17.0,82.51955035309008,13.0,23.0,9.0,54.142857142857146,100.12
730,18749434,2014-02-10,35,1158720,62.0,0.0,1040,0,0,42.47525802123611,3.0,10.0,79.37853854129818,104.0,13.0,19.0,62.57142857142857,100.12
732,18750329,2014-02-10,36,1158720,21.0,0.0,1040,0,0,42.41609753081948,2.0,7.0,77.25868729084608,62.0,104.0,12.0,65.28571428571429,100.12
735,18790083,2014-02-11,24,1158720,11.0,0.0,1040,0,0,42.32978957056997,11.0,70.0,77.25868729084608,21.0,62.0,55.0,65.28571428571429,99.96
737,18791811,2014-02-11,26,1158720,1.0,0.0,1040,0,0,42.21655727037663,223.0,55.0,36.58714320111683,11.0,21.0,18.0,33.57142857142857,99.96
739,18792807,2014-02-11,27,1158720,2.0,0.0,1040,0,0,42.106675966359205,23.0,31.0,38.41378720744714,1.0,11.0,28.0,30.571428571428573,99.96
741,18793806,2014-02-11,28,1158720,174.0,0.0,1040,0,0,42.46605832067431,13.0,8.0,65.08163371965264,2.0,1.0,148.0,53.57142857142857,99.96
742,18794561,2014-02-11,30,1158720,39.0,0.0,1040,0,0,42.45663968393335,104.0,2.0,61.20924299949648,174.0,2.0,56.0,44.285714285714285,99.96
744,18796143,2014-02-11,32,1158720,10.0,0.0,1040,0,0,42.36868131080615,62.0,6.0,61.853128650129776,39.0,174.0,22.0,36.85714285714285,99.96
746,18797886,2014-02-11,34,1158720,50.0,0.0,1040,0,0,42.38930649645263,21.0,250.0,61.58463011715381,10.0,39.0,2.0,41.0,99.96
748,18798459,2014-02-11,35,1158720,14.0,0.0,1040,0,0,42.31278545468321,11.0,38.0,61.35105851533747,50.0,10.0,6.0,41.42857142857143,99.96
750,18799396,2014-02-11,36,1158720,59.0,0.0,1040,0,0,42.35764355829965,1.0,12.0,58.84645071628996,14.0,50.0,13.0,49.71428571428572,99.96
753,18839139,2014-02-12,24,1158720,7.0,0.0,1040,0,0,42.26285094822378,2.0,107.0,58.19752899352653,59.0,14.0,8.0,50.42857142857143,100.38
754,18840798,2014-02-12,26,1158720,2.0,0.0,1040,0,0,42.15519626654404,174.0,23.0,22.9886100161835,7.0,59.0,82.0,25.857142857142858,100.38
756,18841854,2014-02-12,27,1158720,5.0,0.0,1040,0,0,42.056115743166586,39.0,21.0,23.338094752285347,2.0,7.0,28.0,21.0,100.38
758,18842793,2014-02-12,28,1158720,18.0,0.0,1040,0,0,41.99213671193476,10.0,7.0,22.901445161303087,5.0,2.0,18.0,22.142857142857142,100.38
760,18843451,2014-02-12,30,1158720,18.0,0.0,1040,0,0,41.9284970920092,50.0,10.0,19.32922780710678,18.0,5.0,39.0,17.571428571428573,100.38
762,18844936,2014-02-12,32,1158720,25.0,0.0,1040,0,0,41.88371270816791,14.0,20.0,19.437322958923797,18.0,18.0,69.0,19.142857142857142,100.38
764,18846699,2014-02-12,34,1158720,41.0,0.0,1040,0,0,41.881381012368,59.0,76.0,13.599719885069817,25.0,18.0,80.0,16.571428571428573,100.38
765,18847286,2014-02-12,35,1158720,60.0,0.0,1040,0,0,41.92906158865124,7.0,18.0,20.424075429327008,41.0,25.0,11.0,24.142857142857142,100.38
767,18848166,2014-02-12,36,1158720,43.0,0.0,1040,0,0,41.93187245062328,2.0,41.0,18.832595855766897,60.0,41.0,7.0,30.0,100.38
770,18887598,2014-02-13,24,1158720,6.0,0.0,1040,0,0,41.83780995729704,5.0,109.0,18.61387091596405,43.0,60.0,2.0,30.142857142857142,100.27
772,18889310,2014-02-13,26,1158720,9.0,0.0,1040,0,0,41.75207155009783,18.0,48.0,19.861424683948844,6.0,43.0,17.0,28.857142857142858,100.27
774,18890295,2014-02-13,27,1158720,6.0,0.0,1040,0,0,41.65896719710279,18.0,41.0,21.41205712854728,9.0,6.0,276.04340368747046,27.142857142857142,100.27
776,18891313,2014-02-13,28,1158720,15.0,0.0,1040,0,0,41.58972312646096,25.0,3.0,21.90672869017061,6.0,9.0,72.0,25.714285714285715,100.27
778,18892078,2014-02-13,30,1158720,19.0,0.0,1040,0,0,41.531200527687744,41.0,2.0,20.903405965353187,15.0,6.0,10.0,22.571428571428573,100.27
780,18893628,2014-02-13,32,1158720,25.0,0.0,1040,0,0,41.48848424725445,60.0,11.0,13.239551136110954,19.0,15.0,191.0,17.571428571428573,100.27
782,18895391,2014-02-13,34,1158720,17.0,0.0,1040,0,0,41.42536959713266,43.0,223.0,7.174690967294219,25.0,19.0,52.0,13.857142857142858,100.27
783,18896022,2014-02-13,35,1158720,69.0,0.0,1040,0,0,41.49625553647165,6.0,23.0,21.294980405630167,17.0,25.0,59.0,22.857142857142858,100.27
785,18896926,2014-02-13,36,1158720,25.0,0.0,1040,0,0,41.453957445352486,9.0,13.0,20.39957982760525,69.0,17.0,14.0,25.142857142857142,100.27
788,18935761,2014-02-14,24,1158720,3.0,0.0,1040,0,0,41.355609728100944,6.0,104.0,20.8942917700364,25.0,69.0,15.0,24.714285714285715,100.31
790,18938583,2014-02-14,27,1158720,3.0,0.0,1040,0,0,41.25776378491702,15.0,62.0,22.271057451319688,3.0,25.0,7.0,23.0,100.31
792,18939533,2014-02-14,28,1158720,13.0,0.0,1040,0,0,41.18586107808517,19.0,21.0,22.56419413900792,3.0,3.0,77.0,22.142857142857142,100.31
794,18940228,2014-02-14,30,1158720,10.0,0.0,1040,0,0,41.1067091464149,25.0,11.0,22.95648056649761,13.0,3.0,7.0,20.0,100.31
795,18941785,2014-02-14,32,1158720,22.0,0.0,1040,0,0,41.05833773085436,17.0,1.0,22.925344677265183,10.0,13.0,17.0,20.714285714285715,100.31
797,18943516,2014-02-14,34,1158720,76.0,0.0,1040,0,0,41.146574251736034,69.0,2.0,25.401537261317035,22.0,10.0,90.0,21.714285714285715,100.31
799,18944158,2014-02-14,35,1158720,61.0,0.0,1040,0,0,41.19658288082486,25.0,174.0,29.49253335692792,76.0,22.0,50.0,26.857142857142858,100.31
801,18944991,2014-02-14,36,1158720,17.0,0.0,1040,0,0,41.13578744645093,3.0,39.0,28.044182827748298,61.0,76.0,42.0,28.857142857142858,100.31
804,18985842,2014-02-15,24,1158720,5.0,0.0,1040,0,0,41.04522156312649,3.0,10.0,27.74544149602788,17.0,61.0,1.0,29.142857142857142,100.31
806,18987975,2014-02-15,26,1158720,5.0,0.0,1040,0,0,40.95510850921868,13.0,50.0,28.67054237366259,5.0,17.0,13.0,28.0,100.31
808,18989122,2014-02-15,27,1158720,5.0,0.0,1040,0,0,40.86544489697624,10.0,14.0,29.25015262475413,5.0,5.0,3.0,27.285714285714285,100.31
810,18990281,2014-02-15,28,1158720,131.0,0.0,1040,0,0,41.08966020817779,22.0,59.0,48.58816238354261,5.0,5.0,11.0,42.85714285714285,100.31
812,18991145,2014-02-15,30,1158720,129.0,0.0,1040,0,0,41.30780000915006,76.0,7.0,57.858612562167686,131.0,5.0,91.0,50.42857142857143,100.31
814,18992947,2014-02-15,32,1158720,11.0,0.0,1040,0,0,41.23278070219671,61.0,2.0,59.40177967511924,129.0,131.0,9.0,43.285714285714285,100.31
816,18994886,2014-02-15,34,1158720,108.0,0.0,1040,0,0,41.39763803379623,17.0,5.0,62.56387212471808,11.0,129.0,21.0,56.285714285714285,100.31
818,18995621,2014-02-15,35,1158720,64.0,0.0,1040,0,0,41.45330887607752,5.0,18.0,58.334421758553,108.0,11.0,64.0,64.71428571428571,100.31
820,18996635,2014-02-15,36,1158720,39.0,0.0,1040,0,0,41.44728109014121,5.0,18.0,53.77067708598892,64.0,108.0,25.0,69.57142857142857,100.31
822,19014848,2014-02-15,51,1158720,3.0,0.0,1040,0,0,41.35304755805753,5.0,25.0,54.174761299933216,39.0,64.0,62.0,69.28571428571429,100.31
824,19038336,2014-02-16,24,1158720,10.0,0.0,1040,0,0,41.27638974006717,131.0,41.0,50.37194986630271,3.0,39.0,2.0,52.0,100.31
826,19040327,2014-02-16,26,1158720,10.0,0.0,1040,0,0,41.20010586265237,129.0,60.0,38.80721582386426,10.0,3.0,8.0,35.0,100.31
828,19041495,2014-02-16,27,1158720,2.0,0.0,1040,0,0,41.10472847612524,11.0,43.0,39.869429749764535,10.0,10.0,1.0,33.714285714285715,100.31
830,19042704,2014-02-16,28,1158720,69.0,0.0,1040,0,0,41.17243544584338,108.0,6.0,29.002462949598577,2.0,10.0,6.0,28.142857142857142,100.31
832,19043521,2014-02-16,30,1158720,22.0,0.0,1040,0,0,41.12601308398904,64.0,9.0,24.313429563573266,69.0,2.0,29.0,22.142857142857142,100.31
834,19045329,2014-02-16,32,1158720,23.0,0.0,1040,0,0,41.08223044368955,39.0,6.0,23.190720640150555,22.0,69.0,14.0,19.857142857142858,100.31
836,19047195,2014-02-16,34,1158720,89.0,0.0,1040,0,0,41.19769494864451,3.0,15.0,33.333809520407925,23.0,22.0,30.0,32.142857142857146,100.31
838,19047891,2014-02-16,35,1158720,35.0,0.0,1040,0,0,41.1827966434795,10.0,19.0,31.87326092361343,89.0,23.0,95.0,35.714285714285715,100.31
840,19048898,2014-02-16,36,1158720,32.0,0.0,1040,0,0,41.1607755484112,10.0,25.0,29.94121224125989,35.0,89.0,103.0,38.85714285714285,100.31
843,19089763,2014-02-17,24,1158720,8.0,0.0,1040,0,0,41.08144354949156,2.0,17.0,28.77333421598447,32.0,35.0,50.0,39.71428571428572,100.31
845,19091518,2014-02-17,26,1158720,3.0,0.0,1040,0,0,40.99055704937344,69.0,69.0,28.38846177419169,8.0,32.0,7.0,30.285714285714285,100.31
847,19092515,2014-02-17,27,1158720,16.0,0.0,1040,0,0,40.93105572306541,22.0,25.0,28.76836887310486,3.0,8.0,6.0,29.428571428571427,100.31
849,19093498,2014-02-17,28,1158720,49.0,0.0,1040,0,0,40.950221861490434,23.0,3.0,29.469920096195903,16.0,3.0,17.0,33.142857142857146,100.31
851,19094250,2014-02-17,30,1158720,122.0,0.0,1040,0,0,41.14228294712671,89.0,3.0,40.47809519327918,49.0,16.0,10.0,37.85714285714285,100.31
853,19095851,2014-02-17,32,1158720,22.0,0.0,1040,0,0,41.09702932313823,35.0,13.0,40.92676385936201,122.0,49.0,7.0,36.0,100.31
855,19097622,2014-02-17,34,1158720,74.0,0.0,1040,0,0,41.17463066907423,32.0,10.0,43.255057507764114,22.0,122.0,70.0,42.0,100.31
857,19098272,2014-02-17,35,1158720,69.0,0.0,1040,0,0,41.24010212632346,8.0,22.0,41.36711369237738,74.0,22.0,55.0,50.71428571428572,100.31
859,19099168,2014-02-17,36,1158720,63.0,0.0,1040,0,0,41.29118169879688,3.0,76.0,35.65442602592385,69.0,74.0,31.0,59.285714285714285,100.31
861,19116188,2014-02-17,51,1158720,1.0,0.0,1040,0,0,41.19682295945544,16.0,61.0,38.98473449710161,63.0,69.0,8.0,57.142857142857146,100.31
863,19138566,2014-02-18,24,1158720,11.0,0.0,1040,0,0,41.12626963478381,49.0,17.0,42.76959311518027,1.0,63.0,2.0,51.71428571428572,102.54
864,19140211,2014-02-18,26,1158720,3.0,0.0,1040,0,0,41.03739721139271,122.0,5.0,32.62266229537491,11.0,1.0,6.0,34.714285714285715,102.54
866,19142196,2014-02-18,28,1158720,15.0,0.0,1040,0,0,40.97684512485458,22.0,5.0,33.17988489890738,3.0,11.0,250.0,33.714285714285715,102.54
868,19142946,2014-02-18,30,1158720,13.0,0.0,1040,0,0,40.91193365124703,74.0,5.0,28.518999514942905,15.0,3.0,38.0,25.0,102.54
870,19144567,2014-02-18,32,1158720,8.0,0.0,1040,0,0,40.83574861964693,69.0,131.0,21.21881465205056,13.0,15.0,12.0,16.285714285714285,102.54
872,19146391,2014-02-18,34,1158720,63.0,0.0,1040,0,0,40.88693626717661,63.0,129.0,21.21881465205056,8.0,13.0,107.0,16.285714285714285,102.54
874,19147016,2014-02-18,35,1158720,13.0,0.0,1040,0,0,40.82268065365777,1.0,11.0,20.240223977679864,63.0,8.0,23.0,18.0,102.54
876,19147972,2014-02-18,36,1158720,92.0,0.0,1040,0,0,40.94032966364936,11.0,108.0,34.02869937203538,13.0,63.0,21.0,29.571428571428573,102.54
878,19164701,2014-02-18,51,1158720,1.0,0.0,1040,0,0,40.84872340295292,3.0,64.0,34.29632772233896,92.0,13.0,7.0,29.285714285714285,102.54
880,19186935,2014-02-19,24,1158720,8.0,0.0,1040,0,0,40.77355469951367,15.0,39.0,34.87938400504529,1.0,92.0,10.0,28.285714285714285,103.46
882,19188646,2014-02-19,26,1158720,6.0,0.0,1040,0,0,40.69416302211752,13.0,3.0,35.48574495819519,8.0,1.0,20.0,27.285714285714285,103.46
884,19189637,2014-02-19,27,1158720,3.0,0.0,1040,0,0,40.60829932502841,8.0,10.0,35.985446793841,6.0,8.0,76.0,26.571428571428573,103.46
886,19190635,2014-02-19,28,1158720,153.0,0.0,1040,0,0,40.863735008380615,63.0,10.0,59.53950269318985,3.0,6.0,18.0,39.42857142857143,103.46
887,19191363,2014-02-19,30,1158720,23.0,0.0,1040,0,0,40.82322767276071,13.0,2.0,58.91640567060111,153.0,3.0,41.0,40.85714285714285,103.46
889,19192876,2014-02-19,32,1158720,9.0,0.0,1040,0,0,40.7512294201074,92.0,69.0,55.13921774321173,23.0,153.0,109.0,29.0,103.46
891,19194607,2014-02-19,34,1158720,54.0,0.0,1040,0,0,40.78113635143899,1.0,22.0,54.28583959885268,9.0,23.0,48.0,36.57142857142857,103.46
893,19195228,2014-02-19,35,1158720,44.0,0.0,1040,0,0,40.78838604434115,8.0,23.0,52.81323787875608,54.0,9.0,41.0,41.71428571428572,103.46
895,19196090,2014-02-19,36,1158720,39.0,0.0,1040,0,0,40.78436719929769,6.0,89.0,50.51685244502435,44.0,54.0,3.0,46.42857142857143,103.46
897,19212972,2014-02-19,51,1158720,1.0,0.0,1040,0,0,40.6951645822589,3.0,35.0,50.80822955463192,39.0,44.0,2.0,46.142857142857146,103.46
899,19234952,2014-02-20,24,1158720,9.0,0.0,1040,0,0,40.62425817379748,153.0,32.0,20.36219653227589,1.0,39.0,11.0,25.571428571428573,103.2
901,19236678,2014-02-20,26,1158720,3.0,0.0,1040,0,0,40.540275454659536,23.0,8.0,22.111190874865667,9.0,1.0,223.0,22.714285714285715,103.2
903,19237619,2014-02-20,27,1158720,7.0,0.0,1040,0,0,40.46557550932622,9.0,3.0,22.329779390290188,3.0,9.0,23.0,22.428571428571427,103.2
905,19238650,2014-02-20,28,1158720,14.0,0.0,1040,0,0,40.406763119305495,54.0,16.0,17.49965986063946,7.0,3.0,13.0,16.714285714285715,103.2
907,19239383,2014-02-20,30,1158720,4.0,0.0,1040,0,0,40.32603858910748,44.0,49.0,13.07669683062128,14.0,7.0,104.0,11.0,103.2
909,19240949,2014-02-20,32,1158720,12.0,0.0,1040,0,0,40.26337036214043,39.0,122.0,4.810702354421615,4.0,14.0,62.0,7.142857142857143,103.2
911,19242671,2014-02-20,34,1158720,46.0,0.0,1040,0,0,40.2760340037251,1.0,22.0,14.84202527573966,12.0,4.0,21.0,13.571428571428571,103.2
912,19243260,2014-02-20,35,1158720,20.0,0.0,1040,0,0,40.23137313587549,9.0,74.0,14.85966095876701,46.0,12.0,11.0,15.142857142857142,103.2
914,19244138,2014-02-20,36,1158720,54.0,0.0,1040,0,0,40.26163385425818,3.0,69.0,19.6456707941562,20.0,46.0,1.0,22.428571428571427,103.2
916,19282629,2014-02-21,24,1158720,8.0,0.0,1040,0,0,40.19088465720937,7.0,63.0,19.51800145897017,54.0,20.0,2.0,22.571428571428573,102.53
918,19284378,2014-02-21,26,1158720,12.0,0.0,1040,0,0,40.12919781988506,14.0,1.0,19.67836617298489,8.0,54.0,174.0,22.285714285714285,102.53
920,19285376,2014-02-21,27,1158720,8.0,0.0,1040,0,0,40.05904673294208,4.0,11.0,19.108711551092032,12.0,8.0,39.0,22.857142857142858,102.53
922,19286350,2014-02-21,28,1158720,7.0,0.0,1040,0,0,39.987022665985776,12.0,3.0,19.66747375260749,8.0,12.0,10.0,22.142857142857142,102.53
924,19286988,2014-02-21,30,1158720,117.0,0.0,1040,0,0,40.15444218192929,46.0,15.0,40.88485573621863,7.0,8.0,50.0,32.285714285714285,102.53
926,19288581,2014-02-21,32,1158720,30.0,0.0,1040,0,0,40.13241519238064,20.0,13.0,40.557425484179134,117.0,7.0,14.0,33.714285714285715,102.53
928,19290350,2014-02-21,34,1158720,81.0,0.0,1040,0,0,40.220873168154704,54.0,8.0,43.95018825464834,30.0,117.0,59.0,37.57142857142857,102.53
930,19290910,2014-02-21,35,1158720,67.0,0.0,1040,0,0,40.27871145504854,8.0,63.0,42.98061578587858,81.0,30.0,7.0,46.0,102.53
932,19291773,2014-02-21,36,1158720,33.0,0.0,1040,0,0,40.263024576912656,12.0,13.0,40.89417236396056,67.0,81.0,2.0,49.0,102.53
934,19308778,2014-02-21,51,1158720,7.0,0.0,1040,0,0,40.19149119072575,8.0,92.0,41.062669873534034,33.0,67.0,5.0,48.85714285714285,102.53
936,19332570,2014-02-22,24,1158720,4.0,0.0,1040,0,0,40.11382704653964,7.0,1.0,41.58468124545018,7.0,33.0,18.0,48.42857142857143,102.53
938,19334488,2014-02-22,26,1158720,10.0,0.0,1040,0,0,40.04934347684684,117.0,8.0,30.31736890204753,4.0,7.0,18.0,33.142857142857146,102.53
940,19335576,2014-02-22,27,1158720,10.0,0.0,1040,0,0,39.98513547796468,30.0,6.0,31.57907685854792,10.0,4.0,25.0,30.285714285714285,102.53
942,19336658,2014-02-22,28,1158720,13.0,0.0,1040,0,0,39.92759787566625,81.0,3.0,22.54519270899442,10.0,10.0,41.0,20.571428571428573,102.53
944,19337446,2014-02-22,30,1158720,26.0,0.0,1040,0,0,39.897964688696746,67.0,153.0,10.672617387723715,13.0,10.0,60.0,14.714285714285714,102.53
945,19339165,2014-02-22,32,1158720,10.0,0.0,1040,0,0,39.8344870566613,33.0,23.0,7.02037850017325,26.0,13.0,43.0,11.428571428571429,102.53
947,19341036,2014-02-22,34,1158720,146.0,0.0,1040,0,0,40.05941399086329,7.0,9.0,51.03173615739598,10.0,26.0,6.0,31.285714285714285,102.53
949,19341682,2014-02-22,35,1158720,65.0,0.0,1040,0,0,40.11214250251052,4.0,54.0,50.80354318352197,146.0,10.0,9.0,40.0,102.53
951,19342615,2014-02-22,36,1158720,65.0,0.0,1040,0,0,40.16464853098623,10.0,44.0,49.63006001550713,65.0,146.0,6.0,47.85714285714285,102.53
953,19360628,2014-02-22,51,1158720,6.0,0.0,1040,0,0,40.09272295513152,10.0,39.0,50.158795459069225,65.0,65.0,15.0,47.285714285714285,102.53
955,19383479,2014-02-23,24,1158720,5.0,0.0,1040,0,0,40.01899874724259,13.0,1.0,51.15150232863324,6.0,65.0,19.0,46.142857142857146,102.53
957,19385303,2014-02-23,26,1158720,8.0,0.0,1040,0,0,39.95187296370539,26.0,9.0,52.76001371890487,5.0,6.0,25.0,43.57142857142857,102.53
959,19386433,2014-02-23,27,1158720,9.0,0.0,1040,0,0,39.88712009139638,10.0,3.0,52.86730918963404,8.0,5.0,17.0,43.42857142857143,102.53
961,19387588,2014-02-23,28,1158720,44.0,0.0,1040,0,0,39.89570647951456,146.0,7.0,28.174625530954344,9.0,8.0,69.0,28.857142857142858,102.53
963,19388318,2014-02-23,30,1158720,15.0,0.0,1040,0,0,39.8438404243489,65.0,14.0,23.42160175076437,44.0,9.0,25.0,21.714285714285715,102.53
965,19389937,2014-02-23,32,1158720,19.0,0.0,1040,0,0,39.80050603677229,65.0,4.0,13.680016708426804,15.0,44.0,3.0,15.142857142857142,102.53
967,19391676,2014-02-23,34,1158720,160.0,0.0,1040,0,0,40.04988258026447,6.0,12.0,55.72979027243423,19.0,15.0,3.0,37.142857142857146,102.53
969,19392416,2014-02-23,35,1158720,53.0,0.0,1040,0,0,40.076694417572405,5.0,46.0,54.04319260246056,160.0,19.0,13.0,44.0,102.53
971,19393355,2014-02-23,36,1158720,69.0,0.0,1040,0,0,40.13645331340387,8.0,20.0,52.15590182556599,53.0,160.0,10.0,52.71428571428572,102.53
973,19410892,2014-02-23,51,1158720,11.0,0.0,1040,0,0,40.076378151932936,9.0,54.0,51.8812747209111,69.0,53.0,22.0,53.0,102.53
975,19433561,2014-02-24,24,1158720,7.0,0.0,1040,0,0,40.00831976067381,44.0,8.0,54.75616947192414,11.0,69.0,76.0,47.71428571428572,103.17
977,19435422,2014-02-24,26,1158720,1.0,0.0,1040,0,0,39.92822054145272,15.0,12.0,56.381776860123374,7.0,11.0,61.0,45.71428571428572,103.17
979,19436440,2014-02-24,27,1158720,7.0,0.0,1040,0,0,39.86074467968744,19.0,8.0,57.50072463311498,1.0,7.0,17.0,44.0,103.17
981,19437514,2014-02-24,28,1158720,29.0,0.0,1040,0,0,39.83853456786804,160.0,7.0,26.31675186210124,7.0,1.0,5.0,25.285714285714285,103.17
983,19438204,2014-02-24,30,1158720,53.0,0.0,1040,0,0,39.865394701403005,53.0,117.0,26.31675186210124,29.0,7.0,5.0,25.285714285714285,103.17
985,19439811,2014-02-24,32,1158720,18.0,0.0,1040,0,0,39.82086232930239,69.0,30.0,17.91647286716836,53.0,29.0,5.0,18.0,103.17
987,19441604,2014-02-24,34,1158720,91.0,0.0,1040,0,0,39.92488496684445,11.0,81.0,32.382387923360874,18.0,53.0,131.0,29.428571428571427,103.17
989,19442240,2014-02-24,35,1158720,42.0,0.0,1040,0,0,39.92909412512672,7.0,67.0,31.01535717918403,91.0,18.0,129.0,34.42857142857143,103.17
991,19443128,2014-02-24,36,1158720,42.0,0.0,1040,0,0,39.933286242282335,1.0,33.0,27.299049346782702,42.0,91.0,11.0,40.285714285714285,103.17
993,19460275,2014-02-24,51,1158720,3.0,0.0,1040,0,0,39.858673542802975,7.0,7.0,28.14080243889189,42.0,42.0,108.0,39.71428571428572,103.17
995,19482434,2014-02-25,24,1158720,5.0,0.0,1040,0,0,39.788393959047326,29.0,4.0,30.982329833386373,3.0,42.0,64.0,36.285714285714285,102.2
998,19485058,2014-02-25,27,1158720,4.0,0.0,1040,0,0,39.71638511808344,53.0,10.0,32.092129282812365,5.0,3.0,39.0,29.285714285714285,102.2
1000,19486081,2014-02-25,28,1158720,32.0,0.0,1040,0,0,39.700890368850345,18.0,10.0,31.705489985774967,4.0,5.0,3.0,31.285714285714285,102.2
1002,19486747,2014-02-25,30,1158720,24.0,0.0,1040,0,0,39.669425658692326,91.0,13.0,17.689114220467413,32.0,4.0,10.0,21.714285714285715,102.2
1003,19488364,2014-02-25,32,1158720,12.0,0.0,1040,0,0,39.61408680737495,42.0,26.0,15.4472990396065,24.0,32.0,10.0,17.428571428571427,102.2
1005,19490088,2014-02-25,34,1158720,114.0,0.0,1040,0,0,39.76256168400693,42.0,10.0,39.609402443166736,12.0,24.0,2.0,27.714285714285715,102.2
1007,19490720,2014-02-25,35,1158720,47.0,0.0,1040,0,0,39.77697889180772,3.0,146.0,38.509739027939176,114.0,12.0,69.0,34.0,102.2
1009,19491632,2014-02-25,36,1158720,33.0,0.0,1040,0,0,39.76350577273851,5.0,65.0,36.391390923312,47.0,114.0,22.0,38.0,102.2
1010,19508259,2014-02-25,51,1158720,4.0,0.0,1040,0,0,39.69254643588784,4.0,65.0,36.391390923312,33.0,47.0,23.0,38.0,102.2
1012,19530421,2014-02-26,24,1158720,6.0,0.0,1040,0,0,39.62582852215341,32.0,6.0,38.37844136888239,4.0,33.0,89.0,34.285714285714285,102.93
1014,19532293,2014-02-26,26,1158720,28.0,0.0,1040,0,0,39.60285257645746,24.0,5.0,38.22925830402903,6.0,4.0,35.0,34.857142857142854,102.93
1016,19533303,2014-02-26,27,1158720,7.0,0.0,1040,0,0,39.53854714731257,12.0,8.0,38.77038634245007,28.0,6.0,32.0,34.142857142857146,102.93
1017,19534271,2014-02-26,28,1158720,95.0,0.0,1040,0,0,39.64772323560526,114.0,9.0,32.38753434505879,7.0,28.0,8.0,31.428571428571427,102.93
1018,19534931,2014-02-26,30,1158720,18.0,0.0,1040,0,0,39.6051933274803,47.0,44.0,31.915065855664626,95.0,7.0,3.0,27.285714285714285,102.93
1019,19536459,2014-02-26,32,1158720,4.0,0.0,1040,0,0,39.53537922291661,33.0,15.0,32.916199514466605,18.0,95.0,16.0,23.142857142857142,102.93
1021,19538217,2014-02-26,34,1158720,45.0,0.0,1040,0,0,39.54607319704007,4.0,19.0,32.588341473600366,4.0,18.0,49.0,29.0,102.93
1023,19538835,2014-02-26,35,1158720,43.0,0.0,1040,0,0,39.55281914782709,6.0,160.0,31.20744721864869,45.0,4.0,122.0,34.285714285714285,102.93
1025,19539749,2014-02-26,36,1158720,56.0,0.0,1040,0,0,39.58487992921535,28.0,53.0,32.050555303115694,43.0,45.0,22.0,38.285714285714285,102.93
1027,19556709,2014-02-26,51,1158720,4.0,0.0,1040,0,0,39.51564864530637,7.0,69.0,32.55471584593399,56.0,43.0,74.0,37.85714285714285,102.93
1029,19578487,2014-02-27,24,1158720,8.0,0.0,1040,0,0,39.45445321104364,95.0,11.0,21.99891772229629,4.0,56.0,69.0,25.428571428571427,102.68
1031,19580357,2014-02-27,26,1158720,1.0,0.0,1040,0,0,39.3799290769137,18.0,7.0,23.818760113266052,8.0,4.0,63.0,23.0,102.68
1033,19581349,2014-02-27,27,1158720,9.0,0.0,1040,0,0,39.32116712512084,4.0,1.0,23.221500710291657,1.0,8.0,1.0,23.714285714285715,102.68
1035,19582353,2014-02-27,28,1158720,40.0,0.0,1040,0,0,39.32247761329628,45.0,7.0,22.524061208701102,9.0,1.0,11.0,23.0,102.68
1037,19583025,2014-02-27,30,1158720,12.0,0.0,1040,0,0,39.26983314776006,43.0,29.0,20.927311842478986,40.0,9.0,3.0,18.571428571428573,102.68
1038,19584637,2014-02-27,32,1158720,27.0,0.0,1040,0,0,39.2462373147836,56.0,53.0,14.010200365651238,12.0,40.0,15.0,14.428571428571429,102.68
1040,19586411,2014-02-27,34,1158720,109.0,0.0,1040,0,0,39.38012169613718,4.0,18.0,37.50047618745255,27.0,12.0,13.0,29.428571428571427,102.68
1042,19587033,2014-02-27,35,1158720,36.0,0.0,1040,0,0,39.37364636721738,8.0,91.0,36.308204503744,109.0,27.0,8.0,33.42857142857143,102.68
1044,19587965,2014-02-27,36,1158720,34.0,0.0,1040,0,0,39.36337170877146,1.0,42.0,33.42368706685185,36.0,109.0,63.0,38.142857142857146,102.68
1046,19627385,2014-02-28,24,1158720,7.0,0.0,1040,0,0,39.30160954902189,9.0,42.0,33.72154885444676,34.0,36.0,13.0,37.85714285714285,102.88
1048,19629517,2014-02-28,26,1158720,5.0,0.0,1040,0,0,39.2362731498809,40.0,3.0,35.876773226460024,7.0,34.0,92.0,32.857142857142854,102.88
1050,19630547,2014-02-28,27,1158720,3.0,0.0,1040,0,0,39.16738289674424,12.0,5.0,36.89560562296946,5.0,7.0,1.0,31.571428571428573,102.88
1052,19631599,2014-02-28,28,1158720,15.0,0.0,1040,0,0,39.12152448517547,27.0,4.0,37.418482827913245,3.0,5.0,8.0,29.857142857142858,102.88
1054,19632340,2014-02-28,30,1158720,9.0,0.0,1040,0,0,39.06447614334749,109.0,32.0,13.80648570850046,15.0,3.0,6.0,15.571428571428571,102.88
1056,19633970,2014-02-28,32,1158720,15.0,0.0,1040,0,0,39.01898564024097,36.0,24.0,10.51755901428783,9.0,15.0,3.0,12.571428571428571,102.88
1058,19635770,2014-02-28,34,1158720,149.0,0.0,1040,0,0,39.22649698808957,34.0,12.0,53.1162247654454,15.0,9.0,153.0,29.0,102.88
1060,19636470,2014-02-28,35,1158720,25.0,0.0,1040,0,0,39.19970509169016,7.0,114.0,52.30314567613529,149.0,15.0,23.0,31.571428571428573,102.88
1062,19637451,2014-02-28,36,1158720,50.0,0.0,1040,0,0,39.22000639790878,5.0,47.0,51.2477641788724,25.0,149.0,9.0,38.0,102.88
1064,19655093,2014-02-28,51,1158720,4.0,0.0,1040,0,0,39.15392758665567,3.0,33.0,51.13520826015581,50.0,25.0,54.0,38.142857142857146,102.88
1066,19685723,2014-03-01,24,1158720,4.0,0.0,1040,0,0,39.08809626158703,15.0,4.0,52.124393338938376,4.0,50.0,44.0,36.57142857142857,102.88
1068,19688836,2014-03-01,26,1158720,4.0,0.0,1040,0,0,39.022511034929856,9.0,6.0,52.59730212165043,4.0,4.0,39.0,35.857142857142854,102.88
1070,19690300,2014-03-01,27,1158720,11.0,0.0,1040,0,0,38.97023023076021,15.0,28.0,52.882619342950576,4.0,4.0,1.0,35.285714285714285,102.88
1072,19691870,2014-03-01,28,1158720,47.0,0.0,1040,0,0,38.98518324709026,149.0,7.0,20.4100815424978,11.0,4.0,9.0,20.714285714285715,102.88
1074,19693021,2014-03-01,30,1158720,21.0,0.0,1040,0,0,38.95175353845255,25.0,95.0,20.32591589923657,47.0,11.0,3.0,20.142857142857142,102.88
1076,19695458,2014-03-01,32,1158720,39.0,0.0,1040,0,0,38.95184304951294,50.0,18.0,17.915143899850808,21.0,47.0,7.0,18.571428571428573,102.88
1078,19697893,2014-03-01,34,1158720,105.0,0.0,1040,0,0,39.074154451273095,4.0,4.0,35.88407260424392,39.0,21.0,14.0,33.0,102.88
1080,19699066,2014-03-01,35,1158720,128.0,0.0,1040,0,0,39.23852754840568,4.0,45.0,47.80765031426887,105.0,39.0,4.0,50.71428571428572,102.88
1082,19700402,2014-03-01,36,1158720,75.0,0.0,1040,0,0,39.30450812488464,4.0,43.0,43.590628088418754,128.0,105.0,12.0,60.85714285714285,102.88
1084,19724427,2014-03-01,51,1158720,5.0,0.0,1040,0,0,39.24133223515188,11.0,56.0,44.77722635447605,75.0,128.0,46.0,60.0,102.88
1086,19753054,2014-03-02,24,1158720,4.0,0.0,1040,1,1,39.1765503744255,47.0,4.0,49.55276168364559,5.0,75.0,20.0,53.85714285714285,102.88
1088,19755889,2014-03-02,26,1158720,2.0,0.0,1040,1,1,39.10833652052747,21.0,8.0,52.10703270330063,4.0,5.0,54.0,51.142857142857146,102.88
1090,19757264,2014-03-02,27,1158720,9.0,0.0,1040,1,1,39.053193047046655,39.0,1.0,54.453125320249896,2.0,4.0,8.0,46.85714285714285,102.88
1092,19758764,2014-03-02,28,1158720,830.0,0.0,1040,1,1,40.499165271823536,105.0,9.0,303.48907566437884,9.0,2.0,12.0,150.42857142857142,102.88
1094,19759815,2014-03-02,30,1158720,23.0,0.0,1040,1,1,40.46723248848079,128.0,40.0,307.3525972683801,830.0,9.0,8.0,135.42857142857142,102.88
1096,19761998,2014-03-02,32,1158720,23.0,0.0,1040,1,1,40.435416035860605,75.0,12.0,309.6761749526969,23.0,830.0,7.0,128.0,102.88
1098,19764214,2014-03-02,34,1158720,98.0,0.0,1040,1,1,40.540078915795405,5.0,27.0,305.4863413671792,23.0,23.0,117.0,141.28571428571428,102.88
1100,19765325,2014-03-02,35,1158720,66.0,0.0,1040,1,1,40.586285669124265,4.0,109.0,301.71809611591,98.0,23.0,30.0,150.14285714285714,102.88
1102,19766624,2014-03-02,36,1158720,41.0,0.0,1040,1,1,40.587035151607736,2.0,36.0,298.87328099921893,66.0,98.0,81.0,155.71428571428572,102.88
1104,19788954,2014-03-02,51,1158720,3.0,0.0,1040,1,1,40.51906582945293,9.0,34.0,299.372359318307,41.0,66.0,67.0,154.85714285714286,102.88
1107,19821260,2014-03-03,27,1158720,15.0,0.0,1040,0,1,40.4730025337319,830.0,7.0,33.155477892585125,3.0,41.0,33.0,38.42857142857143,105.34
1109,19822644,2014-03-03,28,1158720,41.0,0.0,1040,0,1,40.47395207871617,23.0,5.0,32.449961479175705,15.0,3.0,7.0,41.0,105.34
1111,19823603,2014-03-03,30,1158720,46.0,0.0,1040,0,1,40.48389101382639,23.0,3.0,31.473344731239106,41.0,15.0,4.0,44.285714285714285,105.34
1113,19825565,2014-03-03,32,1158720,7.0,0.0,1040,0,1,40.42377630823604,98.0,15.0,23.32891114557388,46.0,41.0,10.0,31.285714285714285,105.34
1115,19827565,2014-03-03,34,1158720,72.0,0.0,1040,0,1,40.4803645227374,66.0,9.0,24.875882372480973,7.0,46.0,10.0,32.142857142857146,105.34
1117,19828601,2014-03-03,35,1158720,35.0,0.0,1040,0,1,40.47056065060371,41.0,15.0,24.621902754216237,72.0,7.0,13.0,31.285714285714285,105.34
1119,19829745,2014-03-03,36,1158720,41.0,0.0,1040,0,1,40.47150607801334,3.0,149.0,21.31286220192121,35.0,72.0,26.0,36.71428571428572,105.34
1121,19851683,2014-03-03,51,1158720,2.0,0.0,1040,0,1,40.40292941833774,15.0,25.0,23.926474677147414,41.0,35.0,10.0,34.857142857142854,105.34
1123,19881002,2014-03-04,24,1158720,5.0,0.0,1040,0,1,40.339934882006176,41.0,50.0,26.15157283806745,2.0,41.0,146.0,29.714285714285715,103.64
1125,19883552,2014-03-04,26,1158720,3.0,0.0,1040,0,1,40.27361172946265,46.0,4.0,26.73235955951199,5.0,2.0,65.0,23.571428571428573,103.64
1127,19884919,2014-03-04,27,1158720,11.0,0.0,1040,0,1,40.22170816256644,7.0,4.0,26.359239818505927,3.0,5.0,65.0,24.142857142857142,103.64
1129,19886435,2014-03-04,28,1158720,50.0,0.0,1040,0,1,40.239014873783134,72.0,4.0,20.322401432901184,11.0,3.0,6.0,21.0,103.64
1130,19887476,2014-03-04,30,1158720,12.0,0.0,1040,0,1,40.18912262135596,35.0,11.0,19.52531933767228,50.0,11.0,5.0,17.714285714285715,103.64
1132,19889537,2014-03-04,32,1158720,27.0,0.0,1040,0,1,40.165861382164856,41.0,47.0,17.336995950031596,12.0,50.0,8.0,15.714285714285714,103.64
1134,19891524,2014-03-04,34,1158720,27.0,0.0,1040,0,1,40.14268204874555,2.0,21.0,16.600344230509574,27.0,12.0,9.0,19.285714285714285,103.64
1136,19892465,2014-03-04,35,1158720,24.0,0.0,1040,0,1,40.11431178152456,5.0,39.0,15.38397434561859,27.0,27.0,44.0,22.0,103.64
1138,19893585,2014-03-04,36,1158720,33.0,0.0,1040,0,1,40.10183053278504,3.0,105.0,13.237752650585376,24.0,27.0,15.0,26.285714285714285,103.64
1139,19915852,2014-03-04,51,1158720,4.0,0.0,1040,0,1,40.03860491013568,11.0,128.0,14.761597539045246,33.0,24.0,19.0,25.285714285714285,103.64
1141,19945865,2014-03-05,24,1158720,9.0,0.0,1040,0,0,39.98434161483824,50.0,75.0,10.967484410095972,4.0,33.0,160.0,19.428571428571427,101.75
1144,19949837,2014-03-05,27,1158720,12.0,0.0,1040,0,0,39.93550332231671,12.0,5.0,10.967484410095972,9.0,4.0,53.0,19.428571428571427,101.75
1145,19951251,2014-03-05,28,1158720,141.0,0.0,1040,0,0,40.11157387401999,27.0,4.0,47.58751336822943,12.0,9.0,69.0,35.714285714285715,101.75
1147,19952280,2014-03-05,30,1158720,4.0,0.0,1040,0,0,40.048771136847776,27.0,2.0,49.060700983092026,141.0,12.0,11.0,32.42857142857143,101.75
1149,19954389,2014-03-05,32,1158720,25.0,0.0,1040,0,0,40.02264479806853,24.0,9.0,49.03351623416069,4.0,141.0,7.0,32.57142857142857,101.75
1151,19956592,2014-03-05,34,1158720,77.0,0.0,1040,0,0,40.086730335680194,33.0,830.0,51.83765867728638,25.0,4.0,1.0,38.85714285714285,101.75
1153,19957590,2014-03-05,35,1158720,51.0,0.0,1040,0,0,40.10561142506483,4.0,23.0,49.56429206211903,77.0,25.0,7.0,45.57142857142857,101.75
1155,19958740,2014-03-05,36,1158720,159.0,0.0,1040,0,0,40.31095579220634,9.0,23.0,61.98655768255989,51.0,77.0,29.0,67.0,101.75
1157,19981570,2014-03-05,51,1158720,2.0,0.0,1040,0,0,40.244902420150815,12.0,98.0,63.56061973386015,159.0,51.0,53.0,65.57142857142857,101.75
1159,20011201,2014-03-06,24,1158720,9.0,0.0,1040,0,0,40.19112461908343,141.0,66.0,56.65896306179705,2.0,159.0,18.0,46.71428571428572,101.82
1161,20013710,2014-03-06,26,1158720,5.0,0.0,1040,0,0,40.130658769222464,4.0,41.0,56.53443956689449,9.0,2.0,91.0,46.85714285714285,101.82
1163,20014947,2014-03-06,27,1158720,5.0,0.0,1040,0,0,40.07040034937817,25.0,3.0,58.30094338859353,5.0,9.0,42.0,44.0,101.82
1165,20016303,2014-03-06,28,1158720,51.0,0.0,1040,0,0,40.08911541727307,77.0,15.0,56.65307960359627,5.0,5.0,42.0,40.285714285714285,101.82
1167,20017332,2014-03-06,30,1158720,19.0,0.0,1040,0,0,40.05306564732901,51.0,41.0,56.93479980268144,51.0,5.0,3.0,35.714285714285715,101.82
1169,20019548,2014-03-06,32,1158720,13.0,0.0,1040,0,0,40.00690000629262,159.0,46.0,16.935451686019654,19.0,51.0,5.0,14.857142857142858,101.82
1171,20021811,2014-03-06,34,1158720,65.0,0.0,1040,0,0,40.04947768941648,2.0,7.0,24.16215064536904,13.0,19.0,4.0,23.857142857142858,101.82
1173,20022793,2014-03-06,35,1158720,139.0,0.0,1040,0,0,40.21776089062495,9.0,72.0,48.52098220652279,65.0,13.0,32.0,42.42857142857143,101.82
1175,20023949,2014-03-06,36,1158720,281.0,0.0,1040,0,0,40.626559259231705,5.0,35.0,98.9603095040777,139.0,65.0,24.0,81.85714285714286,101.82
1177,20046341,2014-03-06,51,1158720,4.0,0.0,1040,0,0,40.564480345233,5.0,41.0,99.09038682891877,281.0,139.0,12.0,81.71428571428571,101.82
1179,20075523,2014-03-07,24,1158720,12.0,0.0,1040,0,0,40.51614789118016,51.0,2.0,102.15417852675525,4.0,281.0,114.0,76.14285714285714,102.82
1181,20078098,2014-03-07,26,1158720,59.0,0.0,1040,0,0,40.54737061433695,19.0,5.0,99.5095113903332,12.0,4.0,47.0,81.85714285714286,102.82
1183,20079343,2014-03-07,27,1158720,9.0,0.0,1040,0,0,40.49417100115931,13.0,3.0,99.9811887068667,59.0,12.0,33.0,81.28571428571429,102.82
1185,20080678,2014-03-07,28,1158720,280.0,0.0,1040,0,0,40.897379467487326,65.0,11.0,124.22828448733672,9.0,59.0,4.0,112.0,102.82
1186,20081665,2014-03-07,30,1158720,9.0,0.0,1040,0,0,40.8437704263655,139.0,50.0,129.13927512942132,280.0,9.0,6.0,93.42857142857144,102.82
1188,20083785,2014-03-07,32,1158720,21.0,0.0,1040,0,0,40.81047550954274,281.0,12.0,100.38876810632132,9.0,280.0,28.0,56.285714285714285,102.82
1190,20085954,2014-03-07,34,1158720,121.0,0.0,1040,0,0,40.94479632108455,4.0,27.0,99.97166265164007,21.0,9.0,7.0,73.0,102.82
1192,20086879,2014-03-07,35,1158720,19.0,0.0,1040,0,0,40.90809933727002,12.0,27.0,99.29249719893238,121.0,21.0,95.0,74.0,102.82
1194,20087967,2014-03-07,36,1158720,33.0,0.0,1040,0,0,40.894897168092605,59.0,24.0,100.42694572957708,19.0,121.0,18.0,70.28571428571429,102.82
1196,20110345,2014-03-07,51,1158720,1.0,0.0,1040,0,0,40.82840567281245,9.0,33.0,101.28249037786765,33.0,19.0,4.0,69.14285714285714,102.82
1198,20140890,2014-03-08,24,1158720,15.0,0.0,1040,0,0,40.78542995621876,280.0,4.0,40.799159655211234,1.0,33.0,45.0,31.285714285714285,102.82
1200,20143547,2014-03-08,26,1158720,4.0,0.0,1040,0,0,40.724324590842976,9.0,9.0,41.29510520976671,15.0,1.0,43.0,30.571428571428573,102.82
1202,20144876,2014-03-08,27,1158720,9.0,0.0,1040,0,0,40.67171377062599,21.0,12.0,42.00170064584105,4.0,15.0,56.0,28.857142857142858,102.82
1204,20146353,2014-03-08,28,1158720,27.0,0.0,1040,0,0,40.64907848292628,121.0,141.0,11.801936887041029,9.0,4.0,4.0,15.428571428571429,102.82
1206,20147402,2014-03-08,30,1158720,20.0,0.0,1040,0,0,40.61494777469004,19.0,4.0,11.858290248557465,27.0,9.0,8.0,15.571428571428571,102.82
1208,20149610,2014-03-08,32,1158720,14.0,0.0,1040,0,0,40.57102871895623,33.0,25.0,9.04486173523448,20.0,27.0,1.0,12.857142857142858,102.82
1210,20151820,2014-03-08,34,1158720,209.0,0.0,1040,0,0,40.8485064311161,1.0,77.0,73.75829251199964,14.0,20.0,9.0,42.57142857142857,102.82
1212,20152807,2014-03-08,35,1158720,54.0,0.0,1040,0,0,40.87013717711756,15.0,51.0,72.7952117734597,209.0,14.0,40.0,48.142857142857146,102.82
1214,20153941,2014-03-08,36,1158720,67.0,0.0,1040,0,0,40.913043355808654,4.0,159.0,70.27903568734311,54.0,209.0,12.0,57.142857142857146,102.82
1217,20207620,2014-03-09,24,1158720,5.0,0.0,1040,0,0,40.85416951424176,9.0,2.0,70.75039962868787,67.0,54.0,27.0,56.57142857142857,102.82
1220,20211508,2014-03-09,27,1158720,12.0,0.0,1040,0,0,40.80694501421845,27.0,9.0,72.01124250850722,5.0,67.0,109.0,54.42857142857143,102.82
1222,20213068,2014-03-09,28,1158720,29.0,0.0,1040,0,0,40.787652620404366,20.0,5.0,71.37159632448157,12.0,5.0,36.0,55.71428571428572,102.82
1224,20214170,2014-03-09,30,1158720,7.0,0.0,1040,0,0,40.732534100632094,14.0,5.0,72.09880786280786,29.0,12.0,34.0,54.71428571428572,102.82
1226,20216417,2014-03-09,32,1158720,10.0,0.0,1040,0,0,40.68248111349751,209.0,51.0,24.924648347330415,7.0,29.0,7.0,26.285714285714285,102.82
1228,20218655,2014-03-09,34,1158720,92.0,0.0,1040,0,0,40.76592423363817,54.0,19.0,34.33032811627956,10.0,7.0,5.0,31.714285714285715,102.82
1230,20219636,2014-03-09,35,1158720,55.0,0.0,1040,0,0,40.78903149949265,67.0,13.0,32.52691193458098,92.0,10.0,3.0,30.0,102.82
1232,20220743,2014-03-09,36,1158720,80.0,0.0,1040,0,0,40.85258250192459,5.0,65.0,35.164917582320825,55.0,92.0,15.0,40.71428571428572,102.82
1234,20244137,2014-03-09,51,1158720,4.0,0.0,1040,0,0,40.79295049140368,12.0,139.0,36.363246751159366,80.0,55.0,9.0,39.57142857142857,102.82
1236,20273201,2014-03-10,24,1158720,29.0,0.0,1040,0,0,40.773898875100926,29.0,281.0,36.363246751159366,4.0,80.0,15.0,39.57142857142857,101.39
1238,20275581,2014-03-10,26,1158720,3.0,0.0,1040,0,0,40.71297323175399,7.0,4.0,36.98648401781369,29.0,4.0,149.0,39.0,101.39
1240,20276834,2014-03-10,27,1158720,12.0,0.0,1040,0,0,40.666736559883205,10.0,12.0,36.73197646789624,3.0,29.0,25.0,39.285714285714285,101.39
1242,20278167,2014-03-10,28,1158720,61.0,0.0,1040,0,0,40.6994266940313,92.0,59.0,30.68891532474732,12.0,3.0,50.0,34.857142857142854,101.39
1244,20279172,2014-03-10,30,1158720,17.0,0.0,1040,0,0,40.66138588071826,55.0,9.0,29.88230882901064,61.0,12.0,4.0,29.428571428571427,101.39
1246,20281227,2014-03-10,32,1158720,26.0,0.0,1040,0,0,40.63789007001198,80.0,280.0,19.98094330200854,17.0,61.0,4.0,21.714285714285715,101.39
1248,20283395,2014-03-10,34,1158720,69.0,0.0,1040,0,0,40.68326944589995,4.0,9.0,24.87971060924918,26.0,17.0,4.0,31.0,101.39
1250,20284297,2014-03-10,35,1158720,29.0,0.0,1040,0,0,40.66460607617807,29.0,21.0,24.87971060924918,69.0,26.0,11.0,31.0,101.39
1252,20285345,2014-03-10,36,1158720,24.0,0.0,1040,0,0,40.63802775707731,3.0,121.0,22.0454076850483,29.0,69.0,47.0,34.0,101.39
1255,20335690,2014-03-11,24,1158720,6.0,0.0,1040,0,0,40.58287166192272,12.0,19.0,23.13315493275493,24.0,29.0,21.0,33.142857142857146,100.29
1257,20338027,2014-03-11,26,1158720,4.0,0.0,1040,0,0,40.52471129362078,61.0,33.0,21.679483388678463,6.0,24.0,39.0,25.0,100.29
1259,20339267,2014-03-11,27,1158720,6.0,0.0,1040,0,0,40.46991016458329,17.0,1.0,22.72925532477984,4.0,6.0,105.0,23.428571428571427,100.29
1261,20340626,2014-03-11,28,1158720,32.0,0.0,1040,0,0,40.456487169076816,26.0,15.0,22.95440615447821,6.0,4.0,128.0,24.285714285714285,100.29
1263,20341597,2014-03-11,30,1158720,12.0,0.0,1040,0,0,40.411461081783976,69.0,4.0,11.89437642233399,32.0,6.0,75.0,16.142857142857142,100.29
1265,20343645,2014-03-11,32,1158720,21.0,0.0,1040,0,0,40.380795266488896,29.0,9.0,10.78579312490822,12.0,32.0,5.0,15.0,100.29
1267,20345812,2014-03-11,34,1158720,64.0,0.0,1040,0,0,40.418049532630086,24.0,27.0,21.561650259308696,21.0,12.0,4.0,20.714285714285715,100.29
1269,20346724,2014-03-11,35,1158720,21.0,0.0,1040,0,0,40.38746992706689,6.0,20.0,20.57853713158872,64.0,21.0,2.0,22.857142857142858,100.29
1271,20347813,2014-03-11,36,1158720,34.0,0.0,1040,0,0,40.37742673535766,4.0,14.0,19.065051546643563,21.0,64.0,9.0,27.142857142857142,100.29
1273,20369334,2014-03-11,51,1158720,9.0,0.0,1040,0,0,40.32816860861456,6.0,209.0,18.536964358250067,34.0,21.0,830.0,27.571428571428573,100.29
1275,20397834,2014-03-12,24,1158720,3.0,0.0,1040,0,0,40.26966050734713,32.0,54.0,20.51712409068011,9.0,34.0,23.0,23.428571428571427,98.29
1277,20400334,2014-03-12,26,1158720,2.0,0.0,1040,0,0,40.20977058480042,12.0,67.0,21.756225162773948,3.0,9.0,23.0,22.0,98.29
1279,20401592,2014-03-12,27,1158720,9.0,0.0,1040,0,0,40.16100531826167,21.0,5.0,22.31377964184344,2.0,3.0,98.0,20.285714285714285,98.29
1281,20402934,2014-03-12,28,1158720,4.0,0.0,1040,0,0,40.10459189342819,64.0,12.0,11.743285822321855,9.0,2.0,66.0,11.714285714285714,98.29
1283,20403869,2014-03-12,30,1158720,2.0,0.0,1040,0,0,40.045238946553695,21.0,29.0,11.430952132987432,4.0,9.0,41.0,9.0,98.29
1285,20405829,2014-03-12,32,1158720,7.0,0.0,1040,0,0,39.99384666203339,34.0,7.0,3.1320159337887405,2.0,4.0,3.0,5.142857142857143,98.29
1287,20407909,2014-03-12,34,1158720,86.0,0.0,1040,0,0,40.06528478833459,9.0,10.0,30.91616929390684,7.0,2.0,15.0,16.142857142857142,98.29
1289,20408808,2014-03-12,35,1158720,26.0,0.0,1040,0,0,40.043478145251896,3.0,92.0,30.506049361053496,86.0,7.0,41.0,19.428571428571427,98.29
1291,20409861,2014-03-12,36,1158720,31.0,0.0,1040,0,0,40.02947895307658,2.0,55.0,29.703294670552957,26.0,86.0,46.0,23.571428571428573,98.29
1293,20431601,2014-03-12,51,1158720,1.0,0.0,1040,0,0,39.96915518344277,9.0,80.0,30.50058547447408,31.0,26.0,7.0,22.428571428571427,98.29
1295,20459608,2014-03-13,24,1158720,7.0,0.0,1040,0,0,39.9182768575424,4.0,4.0,30.21825370769864,1.0,31.0,72.0,22.857142857142858,98.57
1297,20462056,2014-03-13,26,1158720,9.0,0.0,1040,0,0,39.87063698565096,2.0,29.0,29.52077557375781,7.0,1.0,35.0,23.857142857142858,98.57
1299,20463254,2014-03-13,27,1158720,4.0,0.0,1040,0,0,39.815451390288416,7.0,3.0,29.82648232056594,9.0,7.0,41.0,23.428571428571427,98.57
1301,20464568,2014-03-13,28,1158720,23.0,0.0,1040,0,0,39.789621203821,86.0,12.0,11.942321701370783,4.0,9.0,2.0,14.428571428571429,98.57
1303,20465560,2014-03-13,30,1158720,15.0,0.0,1040,0,0,39.7516003124041,26.0,61.0,10.838643387259046,23.0,4.0,5.0,12.857142857142858,98.57
1305,20467684,2014-03-13,32,1158720,18.0,0.0,1040,0,0,39.71829005158878,31.0,17.0,7.937253933192734,15.0,23.0,3.0,11.0,98.57
1307,20469808,2014-03-13,34,1158720,22.0,0.0,1040,0,0,39.69119786496555,1.0,26.0,7.483314773546808,18.0,15.0,11.0,14.0,98.57
1309,20470742,2014-03-13,35,1158720,14.0,0.0,1040,0,0,39.65197466211828,7.0,69.0,6.831300510638564,22.0,18.0,50.0,15.0,98.57
1311,20471782,2014-03-13,36,1158720,28.0,0.0,1040,0,0,39.63421250562115,9.0,29.0,7.761320457118082,14.0,22.0,12.0,17.714285714285715,98.57
1313,20521522,2014-03-14,24,1158720,4.0,0.0,1040,0,0,39.57997473925034,4.0,24.0,7.761320457118082,28.0,14.0,27.0,17.714285714285715,99.23
1315,20524139,2014-03-14,26,1158720,16.0,0.0,1040,0,0,39.544138911379136,23.0,6.0,7.409774753981809,4.0,28.0,27.0,16.714285714285715,99.23
1317,20525395,2014-03-14,27,1158720,12.0,0.0,1040,0,0,39.50234203897947,15.0,4.0,7.609517849689698,16.0,4.0,24.0,16.285714285714285,99.23
1319,20526739,2014-03-14,28,1158720,12.0,0.0,1040,0,0,39.4606718237689,18.0,6.0,7.72133716522156,12.0,16.0,33.0,15.428571428571429,99.23
1321,20527702,2014-03-14,30,1158720,13.0,0.0,1040,0,0,39.42064055020798,22.0,32.0,7.1746909672943,12.0,12.0,4.0,14.142857142857142,99.23
1322,20529777,2014-03-14,32,1158720,3.0,0.0,1040,0,0,39.36562447686929,14.0,12.0,8.323804075403146,13.0,12.0,9.0,12.571428571428571,99.23
1324,20531938,2014-03-14,34,1158720,46.0,0.0,1040,0,0,39.37563107645169,28.0,21.0,14.42715693207921,3.0,13.0,12.0,15.142857142857142,99.23
1326,20532878,2014-03-14,35,1158720,70.0,0.0,1040,0,0,39.421752113987154,4.0,64.0,24.192678939830117,46.0,3.0,141.0,24.571428571428573,99.23
1328,20533947,2014-03-14,36,1158720,26.0,0.0,1040,0,0,39.40156902810146,16.0,21.0,23.895606290696737,70.0,46.0,4.0,26.0,99.23
1330,20555802,2014-03-14,51,1158720,1.0,0.0,1040,0,0,39.34390901454575,12.0,34.0,25.29069092806744,26.0,70.0,25.0,24.428571428571427,99.23
1332,20586086,2014-03-15,24,1158720,11.0,0.0,1040,0,0,39.30141439833204,12.0,9.0,25.37527855817049,1.0,26.0,77.0,24.285714285714285,99.23
1334,20588902,2014-03-15,26,1158720,36.0,0.0,1040,0,0,39.29647216120879,13.0,3.0,25.15854488940818,11.0,1.0,51.0,27.571428571428573,99.23
1336,20590270,2014-03-15,27,1158720,3.0,0.0,1040,0,0,39.242217344824326,3.0,2.0,25.15854488940818,36.0,11.0,159.0,27.571428571428573,99.23
1338,20591744,2014-03-15,28,1158720,26.0,0.0,1040,0,0,39.22245284132458,46.0,9.0,23.81676080490545,3.0,36.0,2.0,24.714285714285715,99.23
1340,20592835,2014-03-15,30,1158720,11.0,0.0,1040,0,0,39.18039255393066,70.0,4.0,13.187295473475448,26.0,3.0,9.0,16.285714285714285,99.23
1342,20595063,2014-03-15,32,1158720,12.0,0.0,1040,0,0,39.1399455412016,26.0,2.0,12.512850537404036,11.0,26.0,5.0,14.285714285714286,99.23
1344,20597341,2014-03-15,34,1158720,122.0,0.0,1040,0,0,39.263065978733245,1.0,7.0,41.379774217432605,12.0,11.0,5.0,31.571428571428573,99.23
1346,20598377,2014-03-15,35,1158720,80.0,0.0,1040,0,0,39.32350653366094,11.0,86.0,43.80965320891848,122.0,12.0,51.0,41.42857142857143,99.23
1348,20599573,2014-03-15,36,1158720,37.0,0.0,1040,0,0,39.32006430175922,36.0,26.0,43.79062739467242,80.0,122.0,19.0,41.57142857142857,99.23
1350,20622814,2014-03-15,51,1158720,8.0,0.0,1040,0,0,39.27373284569153,3.0,31.0,43.09181780691956,37.0,80.0,13.0,42.285714285714285,99.23
1352,20653297,2014-03-16,24,1158720,9.0,0.0,1040,0,0,39.22901536733748,26.0,1.0,44.61475305855875,8.0,37.0,65.0,39.85714285714285,99.23
1354,20655881,2014-03-16,26,1158720,2.0,0.0,1040,0,0,39.174105315173264,11.0,7.0,45.70141187774219,9.0,8.0,139.0,38.57142857142857,99.23
1356,20657329,2014-03-16,27,1158720,17.0,0.0,1040,0,0,39.14144831176358,12.0,9.0,45.253781741471606,2.0,9.0,281.0,39.285714285714285,99.23
1358,20658908,2014-03-16,28,1158720,33.0,0.0,1040,0,0,39.13241677012864,122.0,4.0,26.937317008548447,17.0,2.0,4.0,26.571428571428573,99.23
1360,20660019,2014-03-16,30,1158720,36.0,0.0,1040,0,0,39.12781703918865,80.0,23.0,14.784161409136932,33.0,17.0,12.0,20.285714285714285,99.23
1362,20662270,2014-03-16,32,1158720,10.0,0.0,1040,0,0,39.08510763004029,37.0,15.0,13.12576528381104,36.0,33.0,59.0,16.428571428571427,99.23
1364,20664530,2014-03-16,34,1158720,138.0,0.0,1040,0,0,39.22993177699483,8.0,18.0,47.13102304568955,10.0,36.0,9.0,35.0,99.23
1366,20665549,2014-03-16,35,1158720,30.0,0.0,1040,0,0,39.216437724689285,9.0,22.0,45.85120863546914,138.0,10.0,280.0,38.0,99.23
1368,20666699,2014-03-16,36,1158720,37.0,0.0,1040,0,0,39.21320204917879,2.0,14.0,43.096790290383815,30.0,138.0,9.0,43.0,99.23
1370,20690062,2014-03-16,51,1158720,10.0,0.0,1040,0,0,39.17061720654151,17.0,28.0,43.87482193696047,37.0,30.0,21.0,42.0,99.23
1372,20719387,2014-03-17,24,1158720,7.0,0.0,1040,0,0,39.12378952501816,33.0,4.0,45.82108061330959,10.0,37.0,121.0,38.285714285714285,98.43
1374,20721920,2014-03-17,26,1158720,10.0,0.0,1040,0,0,39.08145843559225,36.0,16.0,47.07390339617449,7.0,10.0,19.0,34.57142857142857,98.43
1376,20723235,2014-03-17,27,1158720,11.0,0.0,1040,0,0,39.04070160186861,10.0,12.0,46.98834708632288,10.0,7.0,33.0,34.714285714285715,98.43
1378,20724624,2014-03-17,28,1158720,27.0,0.0,1040,0,0,39.02325130969199,138.0,12.0,12.102734834580785,11.0,10.0,1.0,18.857142857142858,98.43
1380,20725610,2014-03-17,30,1158720,28.0,0.0,1040,0,0,39.00729870287623,30.0,13.0,11.816050423852817,27.0,11.0,15.0,18.571428571428573,98.43
1382,20727737,2014-03-17,32,1158720,8.0,0.0,1040,0,0,38.96249046775646,37.0,3.0,9.034326074424802,28.0,27.0,4.0,14.428571428571429,98.43
1384,20729898,2014-03-17,34,1158720,48.0,0.0,1040,0,0,38.97553160705263,10.0,46.0,15.225292240528868,8.0,28.0,9.0,19.857142857142858,98.43
1386,20730833,2014-03-17,35,1158720,26.0,0.0,1040,0,0,38.95683487563036,7.0,70.0,14.210995072561454,48.0,8.0,27.0,22.571428571428573,98.43
1388,20731990,2014-03-17,36,1158720,62.0,0.0,1040,0,0,38.98999050890284,10.0,26.0,19.244046698481043,26.0,48.0,20.0,30.0,98.43
1391,20782619,2014-03-18,24,1158720,11.0,0.0,1040,0,0,38.94977500529809,11.0,1.0,19.244046698481043,62.0,26.0,14.0,30.0,100.08
1393,20785080,2014-03-18,26,1158720,2.0,0.0,1040,0,0,38.89676241562048,27.0,11.0,22.014064768212,11.0,62.0,209.0,26.428571428571427,100.08
1395,20786335,2014-03-18,27,1158720,5.0,0.0,1040,0,0,38.84819971874996,28.0,36.0,23.41245089995582,2.0,11.0,54.0,23.142857142857142,100.08
1397,20787730,2014-03-18,28,1158720,30.0,0.0,1040,0,0,38.83554135005361,8.0,3.0,22.49973544817984,5.0,2.0,67.0,26.285714285714285,100.08
1398,20788770,2014-03-18,30,1158720,11.0,0.0,1040,0,0,38.7957762909821,48.0,26.0,20.832666655999294,30.0,5.0,5.0,21.0,100.08
1400,20790936,2014-03-18,32,1158720,22.0,0.0,1040,0,0,38.77181655304918,26.0,11.0,20.72725374040257,11.0,30.0,12.0,20.428571428571427,100.08
1402,20793137,2014-03-18,34,1158720,97.0,0.0,1040,0,0,38.854762683315485,62.0,12.0,33.009378176800496,22.0,11.0,29.0,25.428571428571427,100.08
1404,20794106,2014-03-18,35,1158720,45.0,0.0,1040,0,0,38.863504130423145,11.0,122.0,33.03389312869558,97.0,22.0,7.0,30.285714285714285,100.08
1406,20795250,2014-03-18,36,1158720,56.0,0.0,1040,0,0,38.88784574387425,2.0,80.0,31.601687718643337,45.0,97.0,10.0,38.0,100.08
1408,20816927,2014-03-18,51,1158720,4.0,0.0,1040,0,0,38.83835943785457,5.0,37.0,31.77750027628841,56.0,45.0,92.0,37.85714285714285,100.08
1410,20845700,2014-03-19,24,1158720,7.0,0.0,1040,0,0,38.79326261145534,30.0,8.0,33.84699466155059,4.0,56.0,55.0,34.57142857142857,100.71
1412,20848244,2014-03-19,26,1158720,4.0,0.0,1040,0,0,38.74405007593702,11.0,9.0,34.75081362528126,7.0,4.0,80.0,33.57142857142857,100.71
1414,20849571,2014-03-19,27,1158720,16.0,0.0,1040,0,0,38.711925711422985,22.0,2.0,35.155437159915216,4.0,7.0,4.0,32.714285714285715,100.71
1416,20850946,2014-03-19,28,1158720,20.0,0.0,1040,0,0,38.68553371465088,97.0,17.0,20.80636349544885,16.0,4.0,29.0,21.714285714285715,100.71
1418,20851927,2014-03-19,30,1158720,5.0,0.0,1040,0,0,38.63808930096827,45.0,33.0,18.73499399519477,20.0,16.0,3.0,16.0,100.71
1420,20853945,2014-03-19,32,1158720,24.0,0.0,1040,0,0,38.617501271009104,56.0,36.0,8.40351400421462,5.0,20.0,12.0,11.428571428571429,100.71
1422,20856076,2014-03-19,34,1158720,63.0,0.0,1040,0,0,38.65174635349364,4.0,10.0,20.538001942971672,24.0,5.0,61.0,19.857142857142858,100.71
1424,20856989,2014-03-19,35,1158720,35.0,0.0,1040,0,0,38.64662468960375,7.0,138.0,20.3423087138483,63.0,24.0,17.0,23.857142857142858,100.71
1426,20858054,2014-03-19,36,1158720,25.0,0.0,1040,0,0,38.62751176987041,4.0,30.0,18.37959531136387,35.0,63.0,26.0,26.857142857142858,100.71
1427,20880052,2014-03-19,51,1158720,1.0,0.0,1040,0,0,38.57488587928318,16.0,37.0,20.597040934029337,25.0,35.0,69.0,24.714285714285715,100.71
1429,20908449,2014-03-20,24,1158720,13.0,0.0,1040,0,0,38.53916676492664,20.0,10.0,21.029457797054118,1.0,25.0,29.0,23.714285714285715,99.68
1432,20912102,2014-03-20,27,1158720,5.0,0.0,1040,0,0,38.49238968436189,5.0,7.0,21.029457797054118,13.0,1.0,24.0,23.714285714285715,99.68
1434,20913422,2014-03-20,28,1158720,13.0,0.0,1040,0,0,38.45688496335303,24.0,10.0,21.412057128547342,5.0,13.0,6.0,22.142857142857142,99.68
1436,20914415,2014-03-20,30,1158720,12.0,0.0,1040,0,0,38.420088183153645,63.0,11.0,11.639423975273624,13.0,5.0,4.0,14.857142857142858,99.68
1438,20916505,2014-03-20,32,1158720,9.0,0.0,1040,0,0,38.37922694956593,35.0,27.0,7.581305327987663,12.0,13.0,6.0,11.142857142857142,99.68
1440,20918702,2014-03-20,34,1158720,141.0,0.0,1040,0,0,38.52155811884531,25.0,28.0,50.15547256851852,9.0,12.0,32.0,27.714285714285715,99.68
1442,20919641,2014-03-20,35,1158720,32.0,0.0,1040,0,0,38.51252548987185,1.0,8.0,48.7525335117008,141.0,9.0,12.0,32.142857142857146,99.68
1444,20920736,2014-03-20,36,1158720,32.0,0.0,1040,0,0,38.503517847423886,13.0,48.0,48.03272693844108,32.0,141.0,21.0,34.857142857142854,99.68
1446,20971357,2014-03-21,24,1158720,6.0,0.0,1040,0,0,38.45862348575618,5.0,26.0,47.9305052480497,32.0,32.0,64.0,35.0,99.97
1449,20975296,2014-03-21,27,1158720,5.0,0.0,1040,0,0,38.41247366025858,13.0,62.0,48.63273441975932,6.0,32.0,21.0,33.857142857142854,99.97
1451,20976607,2014-03-21,28,1158720,21.0,0.0,1040,0,0,38.3884895367596,12.0,11.0,48.07434718374076,5.0,6.0,34.0,35.142857142857146,99.97
1452,20977587,2014-03-21,30,1158720,14.0,0.0,1040,0,0,38.35494278361413,9.0,2.0,47.65650907423711,21.0,5.0,9.0,35.857142857142854,99.97
1454,20979643,2014-03-21,32,1158720,12.0,0.0,1040,0,0,38.318740939131146,141.0,5.0,11.282097069503456,14.0,21.0,3.0,17.428571428571427,99.97
1456,20981831,2014-03-21,34,1158720,52.0,0.0,1040,0,0,38.33750809833673,32.0,30.0,16.780090243244018,12.0,14.0,2.0,20.285714285714285,99.97
1458,20982778,2014-03-21,35,1158720,23.0,0.0,1040,0,0,38.31649781327051,32.0,11.0,16.062378404208527,52.0,12.0,9.0,19.0,99.97
1460,20983891,2014-03-21,36,1158720,40.0,0.0,1040,0,0,38.318800825837855,6.0,22.0,16.607514076751787,23.0,52.0,4.0,23.857142857142858,99.97
1463,21036965,2014-03-22,24,1158720,13.0,0.0,1040,0,0,38.2842123001195,5.0,97.0,15.318833724100925,40.0,23.0,2.0,25.0,99.97
1465,21039734,2014-03-22,26,1158720,4.0,0.0,1040,0,0,38.23743984131988,21.0,45.0,17.280597432352636,13.0,40.0,7.0,22.571428571428573,99.97
1466,21041092,2014-03-22,27,1158720,7.0,0.0,1040,0,0,38.19488202137258,14.0,56.0,18.044917501031485,4.0,13.0,86.0,21.571428571428573,99.97
1468,21042573,2014-03-22,28,1158720,26.0,0.0,1040,0,0,38.17829034515302,12.0,4.0,17.57704130257325,7.0,4.0,26.0,23.571428571428573,99.97
1470,21043681,2014-03-22,30,1158720,75.0,0.0,1040,0,0,38.22831984196667,52.0,7.0,24.545390411973,26.0,7.0,31.0,26.857142857142858,99.97
1472,21045919,2014-03-22,32,1158720,16.0,0.0,1040,0,0,38.19815929944026,23.0,4.0,24.869181540134687,75.0,26.0,1.0,25.857142857142858,99.97
1474,21048192,2014-03-22,34,1158720,92.0,0.0,1040,0,0,38.27106152261175,40.0,16.0,35.35399216361213,16.0,75.0,7.0,33.285714285714285,99.97
1477,21050393,2014-03-22,36,1158720,21.0,0.0,1040,0,0,38.247690668048,13.0,20.0,34.712424014354966,92.0,16.0,9.0,34.42857142857143,99.97
1478,21074040,2014-03-22,51,1158720,1.0,0.0,1040,0,0,38.197355950929015,4.0,5.0,35.16627171974096,21.0,92.0,4.0,34.0,99.97
1480,21104107,2014-03-23,24,1158720,7.0,0.0,1040,0,0,38.15525425598849,7.0,24.0,35.16627171974096,1.0,21.0,23.0,34.0,99.97
1482,21106644,2014-03-23,26,1158720,13.0,0.0,1040,0,0,38.12135229607476,26.0,63.0,35.992724132471224,7.0,1.0,15.0,32.142857142857146,99.97
1484,21108077,2014-03-23,27,1158720,9.0,0.0,1040,0,0,38.08215801303832,75.0,35.0,31.22346492471242,13.0,7.0,18.0,22.714285714285715,99.97
1485,21109613,2014-03-23,28,1158720,41.0,0.0,1040,0,0,38.08607984366596,16.0,25.0,31.752765158928767,9.0,13.0,22.0,26.285714285714285,99.97
1486,21110695,2014-03-23,30,1158720,11.0,0.0,1040,0,0,38.04972268951339,92.0,1.0,13.085797462825075,41.0,9.0,14.0,14.714285714285714,99.97
1488,21112889,2014-03-23,32,1158720,16.0,0.0,1040,0,0,38.02016542049259,21.0,13.0,12.819256348685643,11.0,41.0,28.0,14.0,99.97
1490,21115067,2014-03-23,34,1158720,87.0,0.0,1040,0,0,38.08573414148256,1.0,5.0,29.12452738222684,16.0,11.0,4.0,26.285714285714285,99.97
1492,21116088,2014-03-23,35,1158720,30.0,0.0,1040,0,0,38.07492433648058,7.0,13.0,27.85592182916169,87.0,16.0,16.0,29.571428571428573,99.97
1494,21117206,2014-03-23,36,1158720,53.0,0.0,1040,0,0,38.09485100625831,13.0,12.0,27.992345892608128,30.0,87.0,12.0,35.285714285714285,99.97
1495,21140571,2014-03-23,51,1158720,6.0,0.0,1040,0,0,38.052057871583294,9.0,9.0,28.4805698177344,53.0,30.0,12.0,34.857142857142854,99.97
1497,21169493,2014-03-24,24,1158720,2.0,0.0,1040,1,0,38.00405246829224,41.0,141.0,30.798886807341177,6.0,53.0,13.0,29.285714285714285,100.05
1499,21171982,2014-03-24,26,1158720,5.0,0.0,1040,1,0,37.96016410064824,11.0,32.0,31.468805415612778,2.0,6.0,3.0,28.428571428571427,100.05
1501,21173239,2014-03-24,27,1158720,20.0,0.0,1040,1,0,37.9363126210989,16.0,32.0,31.24099870362639,5.0,2.0,46.0,29.0,100.05
1503,21174632,2014-03-24,28,1158720,276.04340368747046,0.0,1040,1,0,38.25210451906491,87.0,6.0,98.67209943143445,20.0,5.0,70.0,56.00620052678149,100.05
1505,21175649,2014-03-24,30,1158720,4.0,0.0,1040,1,0,38.20673749321184,30.0,5.0,100.29028719676906,276.04340368747046,20.0,26.0,52.29191481249578,100.05
1507,21177766,2014-03-24,32,1158720,3.0,0.0,1040,1,0,38.16016773462294,53.0,21.0,101.99746635755976,4.0,276.04340368747046,1.0,45.14905766963864,100.05
1509,21179921,2014-03-24,34,1158720,90.0,0.0,1040,1,0,38.22864835848737,6.0,14.0,101.56431227853444,3.0,4.0,11.0,57.14905766963864,100.05
1510,21180906,2014-03-24,35,1158720,47.0,0.0,1040,1,0,38.24022006249992,2.0,12.0,98.88053083318675,90.0,3.0,36.0,63.57762909821007,100.05
1512,21182017,2014-03-24,36,1158720,28.0,0.0,1040,1,0,38.22672833646237,5.0,52.0,96.97337598539411,47.0,90.0,3.0,66.86334338392435,100.05
1514,21232623,2014-03-25,24,1158720,7.0,0.0,1040,0,0,38.18564053601966,20.0,23.0,98.13792842293176,28.0,47.0,26.0,65.0062005267815,99.66
1517,21236149,2014-03-25,27,1158720,9.0,0.0,1040,0,0,38.14728884017732,276.04340368747046,40.0,32.142539680971794,7.0,28.0,11.0,26.857142857142858,99.66
1519,21237520,2014-03-25,28,1158720,22.0,0.0,1040,0,0,38.12609817240806,4.0,13.0,30.69667269079344,9.0,7.0,12.0,29.428571428571427,99.66
1521,21238557,2014-03-25,30,1158720,24.0,0.0,1040,0,0,38.10758428227384,3.0,4.0,28.64063047989174,22.0,9.0,122.0,32.42857142857143,99.66
1523,21240654,2014-03-25,32,1158720,19.0,0.0,1040,0,0,38.0825743552028,90.0,7.0,13.338094388058238,24.0,22.0,80.0,22.285714285714285,99.66
1525,21242798,2014-03-25,34,1158720,31.0,0.0,1040,0,0,38.07331608807182,47.0,26.0,9.092121131323276,19.0,24.0,37.0,20.0,99.66
1527,21243751,2014-03-25,35,1158720,29.0,0.0,1040,0,0,38.061471027904624,28.0,75.0,9.24533344321226,31.0,19.0,8.0,20.142857142857142,99.66
1529,21244872,2014-03-25,36,1158720,40.0,0.0,1040,0,0,38.06399844507815,7.0,16.0,9.822229404579156,29.0,31.0,9.0,24.857142857142858,99.66
1531,21266672,2014-03-25,51,1158720,3.0,0.0,1040,0,0,38.01834219710279,9.0,92.0,11.547005383792037,40.0,29.0,2.0,24.0,99.66
1533,21295343,2014-03-26,24,1158720,14.0,0.0,1040,0,0,37.98710898228211,22.0,21.0,12.15769401693893,3.0,40.0,17.0,22.857142857142858,100.61
1536,21299111,2014-03-26,27,1158720,8.0,0.0,1040,0,0,37.94816468490252,24.0,1.0,13.352367366340058,14.0,3.0,33.0,20.571428571428573,100.61
1538,21300454,2014-03-26,28,1158720,12.0,0.0,1040,0,0,37.914509477788506,19.0,7.0,13.745995087747175,8.0,14.0,36.0,19.571428571428573,100.61
1540,21301407,2014-03-26,30,1158720,6.0,0.0,1040,0,0,37.87316943960485,31.0,13.0,13.52774925846825,12.0,8.0,10.0,16.0,100.61
1541,21303380,2014-03-26,32,1158720,9.0,0.0,1040,0,0,37.83581734459889,29.0,9.0,12.388550781918704,6.0,12.0,138.0,13.142857142857142,100.61
1543,21305492,2014-03-26,34,1158720,107.0,0.0,1040,0,0,37.9251767537144,40.0,41.0,37.34396107232624,9.0,6.0,30.0,22.714285714285715,100.61
1544,21306387,2014-03-26,35,1158720,56.0,0.0,1040,0,0,37.94849910629025,3.0,11.0,38.0469634605893,107.0,9.0,37.0,30.285714285714285,100.61
1546,21307414,2014-03-26,36,1158720,37.0,0.0,1040,0,0,37.947276813627504,14.0,16.0,37.39365874430722,56.0,107.0,10.0,33.57142857142857,100.61
1547,21329487,2014-03-26,51,1158720,4.0,0.0,1040,0,0,37.90358662467818,8.0,87.0,37.8769938969113,37.0,56.0,7.0,33.0,100.61
1549,21357600,2014-03-27,24,1158720,7.0,0.0,1040,0,0,37.86386479097036,12.0,30.0,38.38278383908708,4.0,37.0,10.0,32.285714285714285,101.25
1552,21361197,2014-03-27,27,1158720,7.0,0.0,1040,0,0,37.82424493886385,6.0,53.0,38.27034161879192,7.0,4.0,11.0,32.42857142857143,101.25
1554,21362538,2014-03-27,28,1158720,17.0,0.0,1040,0,0,37.79754718894223,9.0,6.0,37.56708285568236,7.0,7.0,27.0,33.57142857142857,101.25
1556,21363515,2014-03-27,30,1158720,7.0,0.0,1040,0,0,37.75811370982707,107.0,2.0,19.80500177324109,17.0,7.0,28.0,19.285714285714285,101.25
1557,21365525,2014-03-27,32,1158720,110.0,0.0,1040,0,0,37.85049463858688,56.0,5.0,38.33623177448007,7.0,17.0,8.0,27.0,101.25
1559,21367637,2014-03-27,34,1158720,154.0,0.0,1040,0,0,37.99883372589392,37.0,20.0,61.7676136437056,110.0,7.0,48.0,43.71428571428572,101.25
1561,21368570,2014-03-27,35,1158720,66.0,0.0,1040,0,0,38.03454949920273,4.0,276.04340368747046,59.528304592177314,154.0,110.0,26.0,52.57142857142857,101.25
1563,21369653,2014-03-27,36,1158720,43.0,0.0,1040,0,0,38.04087491385343,7.0,4.0,56.4083749269978,66.0,154.0,62.0,57.71428571428572,101.25
1564,21391056,2014-03-27,51,1158720,5.0,0.0,1040,0,0,37.99883817732181,7.0,3.0,56.71230655056896,43.0,66.0,11.0,57.42857142857143,101.25
1566,21419702,2014-03-28,24,1158720,7.0,0.0,1040,0,0,37.95944956464415,17.0,90.0,58.011493114152174,5.0,43.0,2.0,56.0,101.73
1569,21423570,2014-03-28,27,1158720,9.0,0.0,1040,0,0,37.92269899413064,7.0,47.0,57.73420212697226,7.0,5.0,5.0,56.285714285714285,101.73
1571,21424920,2014-03-28,28,1158720,14.0,0.0,1040,0,0,37.892378716571535,110.0,28.0,54.138270945352254,9.0,7.0,30.0,42.57142857142857,101.73
1573,21425879,2014-03-28,30,1158720,12.0,0.0,1040,0,0,37.85960355363917,154.0,7.0,23.17839716714864,14.0,9.0,11.0,22.285714285714285,101.73
1575,21427890,2014-03-28,32,1158720,30.0,0.0,1040,0,0,37.84966726596073,66.0,9.0,14.064477374204571,12.0,14.0,22.0,17.142857142857142,101.73
1577,21430025,2014-03-28,34,1158720,49.0,0.0,1040,0,0,37.86374596890775,43.0,22.0,15.958278938114075,30.0,12.0,97.0,18.0,101.73
1579,21430963,2014-03-28,35,1158720,32.0,0.0,1040,0,0,37.85635158559261,5.0,24.0,15.55022584432499,49.0,30.0,45.0,21.857142857142858,101.73
1581,21432038,2014-03-28,36,1158720,42.0,0.0,1040,0,0,37.86157028636642,7.0,19.0,15.603723609324154,32.0,49.0,56.0,26.857142857142858,101.73
1582,21454443,2014-03-28,51,1158720,1.0,0.0,1040,0,0,37.81520353128924,9.0,31.0,17.327379929986087,42.0,32.0,4.0,25.714285714285715,101.73
1584,21485735,2014-03-29,24,1158720,14.0,0.0,1040,0,0,37.785284933888114,14.0,29.0,17.327379929986087,1.0,42.0,7.0,25.714285714285715,101.73
1586,21488545,2014-03-29,26,1158720,28.0,0.0,1040,0,0,37.77300728654321,12.0,40.0,16.237815945091146,14.0,1.0,4.0,28.0,101.73
1588,21489950,2014-03-29,27,1158720,13.0,0.0,1040,0,0,37.74196341776308,30.0,3.0,17.135315801555482,28.0,14.0,16.0,25.571428571428573,101.73
1590,21491435,2014-03-29,28,1158720,32.0,0.0,1040,0,0,37.73477698044423,49.0,14.0,14.2176952120534,13.0,28.0,20.0,23.142857142857142,101.73
1592,21492506,2014-03-29,30,1158720,200.0,0.0,1040,0,0,37.93760850921868,32.0,8.0,68.77603403179663,32.0,13.0,5.0,47.142857142857146,101.73
1594,21494749,2014-03-29,32,1158720,22.0,0.0,1040,0,0,37.91771137000617,42.0,12.0,69.43753616432123,200.0,32.0,24.0,44.285714285714285,101.73
1596,21497102,2014-03-29,34,1158720,9.0,0.0,1040,0,0,37.88165437328546,1.0,6.0,68.66793803723617,22.0,200.0,63.0,45.42857142857143,101.73
1598,21498164,2014-03-29,35,1158720,29.0,0.0,1040,0,0,37.87059378253417,14.0,9.0,67.7516473178749,9.0,22.0,35.0,47.57142857142857,101.73
1600,21499380,2014-03-29,36,1158720,28.0,0.0,1040,0,0,37.8583169245957,28.0,107.0,67.7516473178749,29.0,9.0,25.0,47.57142857142857,101.73
1602,21523198,2014-03-29,51,1158720,3.0,0.0,1040,0,0,37.81501466754651,13.0,56.0,68.700869891214,28.0,29.0,1.0,46.142857142857146,101.73
1604,21553754,2014-03-30,24,1158720,5.0,0.0,1040,0,0,37.77430124984484,32.0,37.0,70.36503460695579,3.0,28.0,13.0,42.285714285714285,101.73
1607,21557715,2014-03-30,27,1158720,14.0,0.0,1040,0,0,37.7448411491635,200.0,4.0,10.73490080243327,5.0,3.0,5.0,15.714285714285714,101.73
1609,21559264,2014-03-30,28,1158720,44.0,0.0,1040,0,0,37.75258268239473,22.0,7.0,15.181442305531386,14.0,5.0,13.0,18.857142857142858,101.73
1611,21560375,2014-03-30,30,1158720,17.0,0.0,1040,0,0,37.72693054063652,9.0,7.0,14.60593486680401,44.0,14.0,12.0,20.0,101.73
1613,21562604,2014-03-30,32,1158720,15.0,0.0,1040,0,0,37.69887260169746,29.0,17.0,14.118545723031136,17.0,44.0,9.0,18.0,101.73
1615,21564890,2014-03-30,34,1158720,129.0,0.0,1040,0,0,37.81145105718242,28.0,7.0,44.64622844413292,15.0,17.0,141.0,32.42857142857143,101.73
1617,21565915,2014-03-30,35,1158720,50.0,0.0,1040,0,0,37.82646158543712,3.0,110.0,42.98615502472295,129.0,15.0,32.0,39.142857142857146,101.73
1619,21567084,2014-03-30,36,1158720,37.0,0.0,1040,0,0,37.825445027521454,5.0,154.0,40.37207898913248,50.0,129.0,32.0,43.71428571428572,101.73
1621,21590723,2014-03-30,51,1158720,2.0,0.0,1040,0,0,37.78143342429354,14.0,66.0,42.06344414492617,37.0,50.0,6.0,42.0,101.73
1623,21620673,2014-03-31,24,1158720,10.0,0.0,1040,0,0,37.747345775920174,44.0,43.0,43.72424411936144,2.0,37.0,5.0,37.142857142857146,101.57
1626,21624598,2014-03-31,27,1158720,6.0,0.0,1040,0,0,37.70843971492027,17.0,5.0,44.75435599975013,10.0,2.0,21.0,35.57142857142857,101.57
1628,21625997,2014-03-31,28,1158720,24.0,0.0,1040,0,0,37.69166071894118,15.0,7.0,44.190604474362125,6.0,10.0,14.0,36.85714285714285,101.57
1630,21627047,2014-03-31,30,1158720,6.0,0.0,1040,0,0,37.65291785742658,129.0,9.0,18.33679620975494,24.0,6.0,12.0,19.285714285714285,101.57
1632,21629218,2014-03-31,32,1158720,3.0,0.0,1040,0,0,37.61060660241141,50.0,14.0,13.062122630684296,6.0,24.0,52.0,12.571428571428571,101.57
1634,21631499,2014-03-31,34,1158720,68.0,0.0,1040,0,0,37.647666838262126,37.0,12.0,23.6713610367744,3.0,6.0,23.0,17.0,101.57
1636,21632526,2014-03-31,35,1158720,40.0,0.0,1040,0,0,37.65053204308762,2.0,30.0,24.012893362088544,68.0,3.0,40.0,22.428571428571427,101.57
1638,21633670,2014-03-31,36,1158720,71.0,0.0,1040,0,0,37.69110317198898,10.0,49.0,29.248524586313405,40.0,68.0,13.0,31.142857142857142,101.57
