,id,date,store_nbr,item_nbr,unit_sales,onpromotion,class,outlier_flag,holiday_flag,expanding_mean,lag_7,lag_30,rolling_std_7,lag_1,lag_2,lag_12,rolling_mean_7,dcoilwtico
0,16323662,2014-01-01,36,106716,3.0,0.0,1032,0,1,3.0,,,,,,,,
2,16352784,2014-01-02,24,106716,2.0,0.0,1032,0,0,2.5,,,,3.0,,,,95.14
4,16355696,2014-01-02,26,106716,8.0,0.0,1032,0,0,4.333333333333333,,,,2.0,3.0,,,95.14
5,16356847,2014-01-02,27,106716,4.0,0.0,1032,0,0,4.25,,,,8.0,2.0,,,95.14
7,16358285,2014-01-02,28,106716,3.0,0.0,1032,0,0,4.0,,,,4.0,8.0,,,95.14
9,16359628,2014-01-02,30,106716,1.0,0.0,1032,0,0,3.5,,,,3.0,4.0,,,95.14
11,16361914,2014-01-02,32,106716,7.0,0.0,1032,0,0,4.0,,,2.581988897471611,1.0,3.0,,4.0,95.14
13,16363742,2014-01-02,34,106716,6.0,0.0,1032,0,0,4.25,3.0,,2.63673679998231,7.0,1.0,,4.428571428571429,95.14
15,16365073,2014-01-02,35,106716,4.0,0.0,1032,0,0,4.222222222222222,2.0,,2.4299715851758235,6.0,7.0,,4.714285714285714,95.14
17,16365893,2014-01-02,36,106716,13.605467546210788,0.0,1032,0,0,5.160546754621079,8.0,,4.066059006889872,4.0,6.0,,5.515066792315827,95.14
19,16388891,2014-01-02,51,106716,2.0,0.0,1032,0,0,4.873224322382799,4.0,,4.256090805792256,13.605467546210788,4.0,,5.229352506601542,95.14
20,16418876,2014-01-03,24,106716,7.0,0.0,1032,0,0,5.050455628850899,3.0,,4.174632106433045,2.0,13.605467546210788,,5.800781078030113,93.66
22,16421837,2014-01-03,26,106716,7.0,0.0,1032,0,0,5.200420580477753,1.0,,3.601228708490829,7.0,2.0,,6.6579239351729695,93.66
24,16422931,2014-01-03,27,106716,4.0,0.0,1032,0,0,5.114676253300771,7.0,,3.729944561484229,7.0,7.0,,6.229352506601542,93.66
26,16424329,2014-01-03,28,106716,2.0,0.0,1032,0,0,4.907031169747386,6.0,,4.06251203808622,4.0,7.0,,5.6579239351729695,93.66
29,16427734,2014-01-03,32,106716,2.0,0.0,1032,0,0,4.725341721638174,4.0,,4.263884995455749,2.0,4.0,,5.372209649458684,93.66
31,16429512,2014-01-03,34,106716,6.0,0.0,1032,0,0,4.800321620365341,13.605467546210788,,2.36038737740833,2.0,2.0,,4.285714285714286,93.66
33,16430825,2014-01-03,35,106716,2.0,0.0,1032,0,0,4.644748197011711,2.0,,2.3603873774083306,6.0,2.0,,4.285714285714286,93.66
35,16431624,2014-01-03,36,106716,7.0,0.0,1032,0,0,4.76870881822162,7.0,,2.3603873774083306,2.0,6.0,,4.285714285714286,93.66
37,16454055,2014-01-03,51,106716,2.0,0.0,1032,0,0,4.630273377310539,7.0,,2.149196970742241,7.0,2.0,,3.571428571428572,93.66
38,16485554,2014-01-04,24,106716,1.0,0.0,1032,0,0,4.457403216486228,4.0,,2.3401261667248807,2.0,7.0,,3.142857142857143,93.66
40,16488521,2014-01-04,26,106716,3.0,0.0,1032,0,0,4.391157615736854,2.0,,2.288688541085319,1.0,2.0,,3.2857142857142856,93.66
42,16489674,2014-01-04,27,106716,3.0,0.0,1032,0,0,4.330672502009165,2.0,,2.2253945610567487,3.0,1.0,,3.4285714285714284,93.66
44,16491219,2014-01-04,28,106716,3.0,0.0,1032,0,0,4.27522781442545,6.0,,1.9148542155126784,3.0,3.0,,3.0,93.66
46,16492658,2014-01-04,30,106716,2.0,0.0,1032,0,0,4.184218701848431,2.0,,1.9148542155126784,3.0,3.0,,3.0,93.66
48,16495038,2014-01-04,32,106716,1.0,0.0,1032,0,0,4.061748751777338,7.0,,0.8997354108424435,2.0,3.0,,2.142857142857143,93.66
50,16496949,2014-01-04,34,106716,8.0,0.0,1032,0,0,4.207609909118919,2.0,,2.3804761428476184,1.0,2.0,,3.0,93.66
52,16498339,2014-01-04,35,106716,3.0,0.0,1032,0,0,4.164480983793243,1.0,,2.2146697055682845,8.0,1.0,,3.2857142857142856,93.66
54,16499184,2014-01-04,36,106716,9.0,0.0,1032,0,0,4.331223018834855,3.0,,3.0783421635988555,3.0,8.0,,4.142857142857143,93.66
56,16522916,2014-01-04,51,106716,2.0,0.0,1032,0,0,4.253515584873693,3.0,,3.16227766016838,9.0,3.0,,4.0,93.66
57,16553679,2014-01-05,24,106716,4.0,0.0,1032,0,0,4.245337662780993,3.0,3.0,3.132015933791496,2.0,9.0,,4.142857142857143,93.66
59,16556359,2014-01-05,26,106716,6.0,0.0,1032,0,0,4.300170860819087,2.0,2.0,3.039423504234848,4.0,2.0,,4.714285714285714,93.66
61,16557650,2014-01-05,27,106716,5.0,0.0,1032,0,0,4.32137780443063,1.0,8.0,2.563479777846623,6.0,4.0,,5.285714285714286,93.66
63,16559245,2014-01-05,28,106716,2.0,0.0,1032,0,0,4.253101986653258,8.0,4.0,2.507132682112036,5.0,6.0,,4.428571428571429,93.66
65,16560729,2014-01-05,30,106716,2.0,0.0,1032,0,0,4.188727644177451,3.0,3.0,2.627691364061219,2.0,5.0,,4.285714285714286,93.66
69,16566314,2014-01-05,35,106716,1.0,0.0,1032,0,0,4.100151876283633,9.0,1.0,1.8644544714716111,2.0,2.0,,3.142857142857143,93.66
71,16567125,2014-01-05,36,106716,3.0,0.0,1032,0,0,4.07041804178948,2.0,7.0,1.799470821684877,1.0,2.0,,3.2857142857142856,93.66
73,16590372,2014-01-05,51,106716,7.0,0.0,1032,0,0,4.147512303847652,4.0,6.0,2.288688541085319,3.0,1.0,,3.7142857142857135,93.66
75,16619391,2014-01-06,24,106716,4.0,0.0,1032,0,0,4.143729937082328,6.0,4.0,2.0701966780270644,7.0,3.0,,3.4285714285714284,93.12
77,16622091,2014-01-06,26,106716,6.0,0.0,1032,0,0,4.19013668865527,5.0,13.605467546210788,2.2253945610567487,4.0,7.0,,3.571428571428572,93.12
79,16623115,2014-01-06,27,106716,2.0,0.0,1032,0,0,4.136718720639287,2.0,2.0,2.2253945610567487,6.0,4.0,,3.571428571428572,93.12
81,16624466,2014-01-06,28,106716,3.0,0.0,1032,0,0,4.109653989195495,2.0,7.0,2.1380899352993965,2.0,6.0,,3.7142857142857135,93.12
83,16625721,2014-01-06,30,106716,6.0,0.0,1032,0,0,4.153615524330483,1.0,7.0,1.9023794624226849,3.0,2.0,,4.428571428571429,93.12
85,16627842,2014-01-06,32,106716,1.0,0.0,1032,0,0,4.081942444232063,3.0,4.0,2.2677868380553647,6.0,3.0,,4.142857142857143,93.12
87,16629610,2014-01-06,34,106716,3.0,0.0,1032,0,0,4.057899278804684,7.0,2.0,1.9023794624226855,1.0,6.0,,3.571428571428572,93.12
89,16630882,2014-01-06,35,106716,4.0,0.0,1032,0,0,4.056640598830669,4.0,2.0,1.9023794624226855,3.0,1.0,,3.571428571428572,93.12
91,16631669,2014-01-06,36,106716,6.0,0.0,1032,0,0,4.097988671195974,6.0,6.0,1.9023794624226855,4.0,3.0,,3.571428571428572,93.12
93,16653307,2014-01-06,51,106716,1.0,0.0,1032,0,0,4.0334472405460575,2.0,2.0,2.070196678027065,6.0,4.0,,3.4285714285714284,93.12
95,16682279,2014-01-07,24,106716,7.0,0.0,1032,0,0,4.093989133596138,3.0,7.0,2.449489742783179,1.0,6.0,,4.0,93.31
97,16684964,2014-01-07,26,106716,3.0,0.0,1032,0,0,4.072109350924215,6.0,2.0,2.299068134204442,7.0,1.0,,3.571428571428572,93.31
98,16685980,2014-01-07,27,106716,5.0,0.0,1032,0,0,4.090303285219819,1.0,1.0,2.035400978396431,3.0,7.0,,4.142857142857143,93.31
100,16687315,2014-01-07,28,106716,3.0,0.0,1032,0,0,4.069335914350207,3.0,3.0,2.035400978396431,5.0,3.0,,4.142857142857143,93.31
102,16688608,2014-01-07,30,106716,1.0,0.0,1032,0,0,4.011423915966241,4.0,3.0,2.360387377408331,3.0,5.0,,3.7142857142857135,93.31
104,16690847,2014-01-07,32,106716,5.0,0.0,1032,0,0,4.029730880485385,6.0,3.0,2.225394561056749,1.0,3.0,,3.571428571428572,93.31
106,16692634,2014-01-07,34,106716,6.0,0.0,1032,0,0,4.06555395538565,1.0,2.0,2.058663459163552,5.0,1.0,,4.285714285714286,93.31
108,16693896,2014-01-07,35,106716,3.0,0.0,1032,0,0,4.046526206182335,7.0,1.0,1.7043362064926957,6.0,5.0,,3.7142857142857135,93.31
110,16694623,2014-01-07,36,106716,6.0,0.0,1032,0,0,4.080797676249312,3.0,8.0,1.8644544714716105,3.0,6.0,,4.142857142857143,93.31
112,16716004,2014-01-07,51,106716,1.0,0.0,1032,0,0,4.027680474934669,5.0,3.0,2.1491969707422416,6.0,3.0,,3.571428571428572,93.31
113,16745293,2014-01-08,24,106716,5.0,0.0,1032,0,0,4.044160466884929,3.0,9.0,2.193062655175136,1.0,6.0,,3.857142857142857,91.9
117,16750518,2014-01-08,28,106716,3.0,0.0,1032,0,0,4.026757792436846,1.0,2.0,1.8644544714716107,5.0,1.0,,4.142857142857143,91.9
119,16751782,2014-01-08,30,106716,2.0,0.0,1032,0,0,3.993532254855914,5.0,4.0,1.97604704011871,3.0,5.0,,3.7142857142857135,91.9
121,16753860,2014-01-08,32,106716,3.0,0.0,1032,0,0,3.977507541067916,6.0,6.0,1.7043362064926972,2.0,3.0,,3.2857142857142856,91.9
123,16755591,2014-01-08,34,106716,3.0,0.0,1032,0,0,3.961991548352552,3.0,5.0,1.7043362064926972,3.0,2.0,,3.2857142857142856,91.9
125,16756849,2014-01-08,35,106716,1.0,0.0,1032,0,0,3.915710430409544,6.0,2.0,1.3972762620115502,3.0,3.0,,2.571428571428572,91.9
127,16757447,2014-01-08,36,106716,5.0,0.0,1032,0,0,3.9323918084032425,1.0,2.0,1.4638501094228047,1.0,3.0,,3.142857142857143,91.9
129,16779255,2014-01-08,51,106716,3.0,0.0,1032,0,0,3.918264659791072,5.0,1.0,1.2149857925879184,5.0,1.0,,2.857142857142857,91.9
131,16808036,2014-01-09,24,106716,4.0,0.0,1032,0,0,3.919484590241952,3.0,3.0,1.2909944487358116,3.0,5.0,,3.0,91.36
133,16810704,2014-01-09,26,106716,3.0,0.0,1032,0,0,3.905962758032512,2.0,7.0,1.2149857925879175,4.0,3.0,,3.142857142857143,91.36
135,16811636,2014-01-09,27,106716,3.0,0.0,1032,0,0,3.892832862988562,3.0,4.0,1.2149857925879175,3.0,4.0,,3.142857142857143,91.36
137,16812997,2014-01-09,28,106716,2.0,0.0,1032,0,0,3.865792393517297,3.0,6.0,1.2909944487358116,3.0,3.0,,3.0,91.36
139,16814246,2014-01-09,30,106716,2.0,0.0,1032,0,0,3.839513627411419,1.0,2.0,1.0690449676497042,2.0,3.0,,3.142857142857143,91.36
142,16818130,2014-01-09,34,106716,10.0,0.0,1032,0,0,3.925075938141816,5.0,3.0,2.7945525240230893,2.0,2.0,,3.857142857142857,91.36
144,16819411,2014-01-09,35,106716,2.0,0.0,1032,0,0,3.8987050348796,3.0,6.0,2.870208222079933,10.0,2.0,,3.7142857142857135,91.36
146,16820120,2014-01-09,36,106716,4.0,0.0,1032,0,0,3.900073885759605,4.0,1.0,2.870208222079933,2.0,10.0,,3.7142857142857135,91.36
148,16841352,2014-01-09,51,106716,1.0,0.0,1032,0,0,3.861406233949477,3.0,3.0,3.0472470011002226,4.0,2.0,,3.4285714285714284,91.36
149,16869992,2014-01-10,24,106716,8.0,0.0,1032,0,0,3.9158614150817206,3.0,4.0,3.4846602621858493,1.0,4.0,,4.142857142857143,92.39
151,16872863,2014-01-10,26,106716,6.0,0.0,1032,0,0,3.942928149950789,2.0,6.0,3.4016802570830458,8.0,1.0,,4.714285714285714,92.39
152,16873879,2014-01-10,27,106716,3.0,0.0,1032,0,0,3.930839327515523,2.0,1.0,3.28778402720188,6.0,8.0,,4.857142857142857,92.39
154,16875287,2014-01-10,28,106716,2.0,0.0,1032,0,0,3.906398323369757,10.0,7.0,2.4976179127511173,3.0,6.0,,3.7142857142857135,92.39
156,16876494,2014-01-10,30,106716,1.0,0.0,1032,0,0,3.8700683443276342,2.0,3.0,2.636736799982312,2.0,3.0,,3.571428571428572,92.39
159,16880360,2014-01-10,34,106716,3.0,0.0,1032,0,0,3.8593267598297625,4.0,5.0,2.636736799982312,1.0,2.0,,3.4285714285714284,92.39
161,16881705,2014-01-10,35,106716,1.0,0.0,1032,0,0,3.8244569212952535,1.0,3.0,2.636736799982312,3.0,1.0,,3.4285714285714284,92.39
163,16882342,2014-01-10,36,106716,1.0,0.0,1032,0,0,3.790427319833865,8.0,1.0,1.812653934349936,1.0,3.0,,2.4285714285714284,92.39
165,16904075,2014-01-10,51,106716,1.0,0.0,1032,0,0,3.7572079469787,6.0,5.0,0.9511897312113518,1.0,1.0,,1.7142857142857142,92.39
167,16935395,2014-01-11,24,106716,4.0,0.0,1032,0,0,3.760064324073068,3.0,6.0,1.2149857925879193,1.0,1.0,,1.8571428571428568,92.39
169,16938396,2014-01-11,26,106716,2.0,0.0,1032,0,0,3.73959845983966,2.0,3.0,1.2149857925879193,4.0,1.0,,1.8571428571428568,92.39
170,16939586,2014-01-11,27,106716,2.0,0.0,1032,0,0,3.719603075243802,1.0,6.0,1.154700538379259,2.0,4.0,,2.0,92.39
172,16941110,2014-01-11,28,106716,1.0,0.0,1032,0,0,3.688698494843304,3.0,1.0,1.112697280528382,2.0,2.0,,1.7142857142857142,92.39
174,16942507,2014-01-11,30,106716,3.0,0.0,1032,0,0,3.680960309507986,1.0,5.0,1.1547005383792592,1.0,2.0,,2.0,92.39
177,16946765,2014-01-11,34,106716,8.0,0.0,1032,0,0,3.728949639402342,1.0,3.0,2.449489742783181,3.0,1.0,,3.0,92.39
179,16948101,2014-01-11,35,106716,3.0,0.0,1032,0,0,3.720939203804514,1.0,2.0,2.28868854108532,8.0,3.0,3.0,3.2857142857142856,92.39
181,16948857,2014-01-11,36,106716,7.0,0.0,1032,0,0,3.756581168980552,4.0,3.0,2.690370836538199,3.0,8.0,2.0,3.7142857142857135,92.39
183,16972298,2014-01-11,51,106716,2.0,0.0,1032,0,0,3.737693199421621,2.0,3.0,2.690370836538199,7.0,3.0,8.0,3.7142857142857135,92.39
184,17002930,2014-01-12,24,106716,2.0,0.0,1032,0,0,3.7192071015554338,2.0,1.0,2.690370836538199,2.0,7.0,4.0,3.7142857142857135,92.39
186,17005683,2014-01-12,26,106716,4.0,0.0,1032,0,0,3.722162816275903,1.0,5.0,2.4102953780654803,2.0,2.0,3.0,4.142857142857143,92.39
188,17006904,2014-01-12,27,106716,6.0,0.0,1032,0,0,3.745890286939696,3.0,3.0,2.4397501823713337,4.0,2.0,1.0,4.571428571428571,92.39
190,17008479,2014-01-12,28,106716,1.0,0.0,1032,0,0,3.7175821396516575,8.0,4.0,2.2253945610567496,6.0,4.0,7.0,3.571428571428572,92.39
192,17009987,2014-01-12,30,106716,2.0,0.0,1032,0,0,3.700055791287865,3.0,3.0,2.2990681342044423,1.0,6.0,6.0,3.4285714285714284,92.39
194,17012309,2014-01-12,32,106716,1.0,0.0,1032,0,0,3.6727825004667753,7.0,3.0,1.812653934349936,2.0,1.0,4.0,2.571428571428572,92.39
196,17014257,2014-01-12,34,106716,6.0,0.0,1032,0,0,3.696054675462108,2.0,2.0,2.193062655175137,1.0,2.0,13.605467546210788,3.142857142857143,92.39
198,17015588,2014-01-12,35,106716,3.0,0.0,1032,0,0,3.689163045011988,2.0,2.0,2.138089935299398,6.0,1.0,2.0,3.2857142857142856,92.39
199,17016352,2014-01-12,36,106716,4.0,0.0,1032,0,0,3.692210466139321,4.0,10.0,2.138089935299398,3.0,6.0,7.0,3.2857142857142856,92.39
201,17039507,2014-01-12,51,106716,4.0,0.0,1032,0,0,3.6951987140408815,6.0,2.0,1.8257418583505571,4.0,3.0,7.0,3.0,92.39
202,17069157,2014-01-13,24,106716,2.0,0.0,1032,0,0,3.678898726405873,1.0,4.0,1.6761634196950554,4.0,4.0,4.0,3.142857142857143,91.45
204,17071826,2014-01-13,26,106716,2.0,0.0,1032,0,0,3.662909214725817,2.0,1.0,1.6761634196950554,2.0,4.0,2.0,3.142857142857143,91.45
205,17072812,2014-01-13,27,106716,2.0,0.0,1032,0,0,3.6472213919453846,1.0,8.0,1.4960264830861951,2.0,2.0,2.0,3.2857142857142856,91.45
207,17075438,2014-01-13,30,106716,1.0,0.0,1032,0,0,3.6224810051047736,6.0,6.0,1.133893419027689,2.0,2.0,6.0,2.571428571428572,91.45
210,17079435,2014-01-13,34,106716,4.0,0.0,1032,0,0,3.625976551353804,3.0,3.0,1.2535663410560236,1.0,2.0,2.0,2.7142857142857144,91.45
212,17081447,2014-01-13,36,106716,6.0,0.0,1032,0,0,3.64775658299276,4.0,2.0,1.7320508075688814,4.0,1.0,7.0,3.0,91.45
214,17103133,2014-01-13,51,106716,2.0,0.0,1032,0,0,3.632776977692825,4.0,1.0,1.704336206492698,6.0,4.0,2.0,2.7142857142857144,91.45
215,17131945,2014-01-14,24,106716,3.0,0.0,1032,0,0,3.627076284200097,2.0,3.0,1.676163419695056,2.0,6.0,1.0,2.857142857142857,92.15
217,17134589,2014-01-14,26,106716,3.0,0.0,1032,0,0,3.621477388805453,2.0,1.0,1.6329931618554565,3.0,2.0,3.0,3.0,92.15
218,17135533,2014-01-14,27,106716,1.0,0.0,1032,0,0,3.5982784738602724,2.0,1.0,1.772810520855841,3.0,3.0,3.0,2.857142857142857,92.15
219,17136849,2014-01-14,28,106716,2.0,0.0,1032,0,0,3.584258487247463,1.0,1.0,1.6329931618554565,1.0,3.0,3.0,3.0,92.15
221,17138120,2014-01-14,30,106716,4.0,0.0,1032,0,0,3.5878736308366155,4.0,4.0,1.6329931618554565,2.0,1.0,2.0,3.0,92.15
223,17140305,2014-01-14,32,106716,4.0,0.0,1032,0,0,3.591426444363886,6.0,2.0,1.1126972805283806,4.0,2.0,1.0,2.7142857142857144,92.15
225,17142091,2014-01-14,34,106716,3.0,0.0,1032,0,0,3.586371517488981,2.0,2.0,1.0690449676497045,4.0,4.0,8.0,2.857142857142857,92.15
227,17143354,2014-01-14,35,106716,8.0,0.0,1032,0,0,3.623775148696701,3.0,1.0,2.2253945610567496,3.0,4.0,3.0,3.571428571428572,92.15
229,17144081,2014-01-14,36,106716,7.0,0.0,1032,0,0,3.652146786102612,3.0,3.0,2.544836041121409,8.0,3.0,9.0,4.142857142857143,92.15
231,17165488,2014-01-14,51,106716,7.0,0.0,1032,0,0,3.68004556288509,1.0,8.0,2.3094010767585043,7.0,8.0,2.0,5.0,92.15
232,17194553,2014-01-15,24,106716,3.0,0.0,1032,0,0,3.674425351621577,2.0,3.0,2.1157009420498163,7.0,7.0,4.0,5.142857142857143,93.78
234,17197405,2014-01-15,26,106716,3.0,0.0,1032,0,0,3.668897274968941,4.0,7.0,2.2360679774997907,3.0,7.0,6.0,5.0,93.78
235,17198539,2014-01-15,27,106716,8.0,0.0,1032,0,0,3.704109492245616,4.0,2.0,2.439750182371333,3.0,3.0,5.0,5.571428571428571,93.78
236,17199980,2014-01-15,28,106716,3.0,0.0,1032,0,0,3.698431189888797,3.0,2.0,2.439750182371333,8.0,3.0,2.0,5.571428571428571,93.78
238,17201281,2014-01-15,30,106716,3.0,0.0,1032,0,0,3.6928437403696863,8.0,4.0,2.3401261667248803,3.0,8.0,2.0,4.857142857142857,93.78
241,17205165,2014-01-15,34,106716,9.0,0.0,1032,0,0,3.73496402814453,7.0,6.0,2.734262327610589,3.0,3.0,1.0,5.142857142857143,93.78
243,17206479,2014-01-15,35,106716,2.0,0.0,1032,0,0,3.721302894064652,7.0,1.0,2.819996622760559,9.0,3.0,3.0,4.428571428571429,93.78
245,17207248,2014-01-15,36,106716,6.0,0.0,1032,0,0,3.739105215204772,3.0,2.0,2.7945525240230884,2.0,9.0,7.0,4.857142857142857,93.78
247,17228979,2014-01-15,51,106716,3.0,0.0,1032,0,0,3.7333757174124864,3.0,1.0,2.7945525240230884,6.0,2.0,4.0,4.857142857142857,93.78
249,17257933,2014-01-16,24,106716,8.0,0.0,1032,0,0,3.766195904201621,8.0,6.0,2.7945525240230884,3.0,6.0,6.0,4.857142857142857,93.54
251,17260635,2014-01-16,26,106716,4.0,0.0,1032,0,0,3.767980668291685,3.0,3.0,2.708012801545321,8.0,3.0,2.0,5.0,93.54
252,17261647,2014-01-16,27,106716,3.0,0.0,1032,0,0,3.7621626329258393,3.0,4.0,2.708012801545321,4.0,8.0,3.0,5.0,93.54
253,17262986,2014-01-16,28,106716,3.0,0.0,1032,0,0,3.756432086813615,9.0,4.0,2.1157009420498167,3.0,4.0,6.0,4.142857142857143,93.54
255,17264296,2014-01-16,30,106716,1.0,0.0,1032,0,0,3.7358616981060506,2.0,2.0,2.3094010767585043,3.0,3.0,1.0,4.0,93.54
258,17268267,2014-01-16,34,106716,4.0,0.0,1032,0,0,3.73781827812008,6.0,2.0,2.1380899352993965,1.0,3.0,3.0,3.7142857142857135,93.54
260,17269580,2014-01-16,35,106716,3.0,0.0,1032,0,0,3.732393143722138,3.0,2.0,2.1380899352993965,4.0,1.0,4.0,3.7142857142857135,93.54
262,17270372,2014-01-16,36,106716,4.0,0.0,1032,0,0,3.734346478439495,8.0,1.0,1.0690449676497,3.0,4.0,6.0,3.142857142857143,93.54
264,17292190,2014-01-16,51,106716,1.0,0.0,1032,0,0,3.7145323735232663,4.0,4.0,1.2535663410560194,4.0,3.0,1.0,2.7142857142857144,93.54
266,17321043,2014-01-17,24,106716,5.0,0.0,1032,0,0,3.7237803420590714,3.0,6.0,1.5275252316519483,1.0,4.0,7.0,3.0,93.96
268,17323928,2014-01-17,26,106716,1.0,0.0,1032,0,0,3.70432476818722,3.0,2.0,1.704336206492695,5.0,1.0,3.0,2.7142857142857144,93.96
270,17324962,2014-01-17,27,106716,3.0,0.0,1032,0,0,3.6993295570653246,1.0,3.0,1.5275252316519483,1.0,5.0,5.0,3.0,93.96
272,17326330,2014-01-17,28,106716,1.0,0.0,1032,0,0,3.6803201939874,4.0,3.0,1.6183471874253756,3.0,1.0,3.0,2.571428571428572,93.96
274,17327507,2014-01-17,30,106716,2.0,0.0,1032,0,0,3.668569703120355,3.0,1.0,1.6183471874253754,1.0,3.0,1.0,2.4285714285714284,93.96
277,17331340,2014-01-17,34,106716,3.0,0.0,1032,0,0,3.663926857959797,4.0,2.0,1.496026483086193,2.0,1.0,5.0,2.2857142857142856,93.96
279,17332668,2014-01-17,35,106716,4.0,0.0,1032,0,0,3.666244603766971,1.0,4.0,1.496026483086193,3.0,2.0,6.0,2.7142857142857144,93.96
281,17333400,2014-01-17,36,106716,6.0,0.0,1032,0,0,3.682229229768567,5.0,4.0,1.7728105208558378,4.0,3.0,3.0,2.857142857142857,93.96
283,17355440,2014-01-17,51,106716,1.0,0.0,1032,0,0,3.6639827724232026,1.0,3.0,1.7728105208558378,6.0,4.0,6.0,2.857142857142857,93.96
285,17386647,2014-01-18,24,106716,8.0,0.0,1032,0,0,3.693280186123046,3.0,8.0,2.6367367999823106,1.0,6.0,1.0,3.571428571428572,93.96
287,17389658,2014-01-18,26,106716,3.0,0.0,1032,0,0,3.6886272989678575,1.0,7.0,2.4102953780654794,8.0,1.0,5.0,3.857142857142857,93.96
289,17390878,2014-01-18,27,106716,1.0,0.0,1032,0,0,3.6707031169747375,2.0,7.0,2.563479777846624,3.0,8.0,3.0,3.7142857142857135,93.96
291,17392400,2014-01-18,28,106716,2.0,0.0,1032,0,0,3.6596388579219257,3.0,3.0,2.6367367999823106,1.0,3.0,2.0,3.571428571428572,93.96
293,17393821,2014-01-18,30,106716,1.0,0.0,1032,0,0,3.6421412338566497,4.0,3.0,2.794552524023088,2.0,1.0,3.0,3.142857142857143,93.96
296,17398243,2014-01-18,34,106716,3.0,0.0,1032,0,0,3.637944232328175,6.0,8.0,2.497617912751116,1.0,2.0,3.0,2.7142857142857144,93.96
298,17399623,2014-01-18,35,106716,3.0,0.0,1032,0,0,3.633801737313057,1.0,3.0,2.380476142847617,3.0,1.0,1.0,3.0,93.96
300,17400464,2014-01-18,36,106716,10.0,0.0,1032,0,0,3.6748739841691016,8.0,3.0,3.0937725468153885,3.0,3.0,5.0,3.2857142857142856,93.96
302,17424147,2014-01-18,51,106716,3.0,0.0,1032,0,0,3.6705478688859663,3.0,9.0,3.0937725468153885,10.0,3.0,3.0,3.2857142857142856,93.96
304,17454866,2014-01-19,24,106716,8.0,0.0,1032,0,0,3.698123997109623,1.0,2.0,3.352326839390104,3.0,10.0,4.0,4.285714285714286,93.96
305,17457621,2014-01-19,26,106716,1.0,0.0,1032,0,0,3.681047262950701,2.0,6.0,3.484660262185849,8.0,3.0,3.0,4.142857142857143,93.96
307,17458922,2014-01-19,27,106716,4.0,0.0,1032,0,0,3.683053255007615,1.0,3.0,3.2071349029490936,1.0,8.0,3.0,4.571428571428571,93.96
309,17460495,2014-01-19,28,106716,2.0,0.0,1032,0,0,3.672534172163817,3.0,8.0,3.3094381626464875,4.0,1.0,2.0,4.428571428571429,93.96
311,17461976,2014-01-19,30,106716,2.0,0.0,1032,0,0,3.6621457611565886,3.0,4.0,3.4016802570830458,2.0,4.0,2.0,4.285714285714286,93.96
314,17466290,2014-01-19,34,106716,8.0,0.0,1032,0,0,3.688922639174141,10.0,3.0,2.886751345948129,2.0,2.0,10.0,4.0,93.96
316,17467632,2014-01-19,35,106716,4.0,0.0,1032,0,0,3.690831089240557,3.0,3.0,2.8535691936340264,8.0,2.0,2.0,4.142857142857143,93.96
318,17468465,2014-01-19,36,106716,3.0,0.0,1032,0,0,3.6866187045500656,8.0,1.0,2.299068134204441,4.0,8.0,4.0,3.4285714285714284,93.96
320,17491752,2014-01-19,51,106716,8.0,0.0,1032,0,0,3.7127604093709743,1.0,4.0,2.572750982712401,3.0,4.0,1.0,4.428571428571429,93.96
322,17521364,2014-01-20,24,106716,2.0,0.0,1032,0,0,3.702442575579583,4.0,3.0,2.73426232761059,8.0,3.0,8.0,4.142857142857143,93.96
324,17524070,2014-01-20,26,106716,5.0,0.0,1032,0,0,3.710212380516232,2.0,4.0,2.572750982712401,2.0,8.0,6.0,4.571428571428571,93.96
326,17525084,2014-01-20,27,106716,5.0,0.0,1032,0,0,3.717889687775064,2.0,1.0,2.3094010767585043,5.0,2.0,3.0,5.0,93.96
328,17526426,2014-01-20,28,106716,3.0,0.0,1032,0,0,3.713641819800064,8.0,5.0,1.976047040118709,5.0,5.0,2.0,4.285714285714286,93.96
330,17527717,2014-01-20,30,106716,2.0,0.0,1032,0,0,3.70356157380124,4.0,1.0,2.160246899469288,3.0,5.0,1.0,4.0,93.96
333,17531764,2014-01-20,34,106716,4.0,0.0,1032,0,0,3.705295131849186,3.0,3.0,2.1157009420498163,2.0,3.0,3.0,4.142857142857143,93.96
335,17533116,2014-01-20,35,106716,1.0,0.0,1032,0,0,3.689566671780295,8.0,1.0,1.5735915849388873,4.0,2.0,1.0,3.142857142857143,93.96
337,17533848,2014-01-20,36,106716,8.0,0.0,1032,0,0,3.71448247136538,2.0,2.0,2.3094010767585043,1.0,4.0,1.0,4.0,93.96
339,17555701,2014-01-20,51,106716,2.0,0.0,1032,0,0,3.7046291238287976,5.0,3.0,2.3704530408864093,8.0,1.0,1.0,3.571428571428572,93.96
341,17584815,2014-01-21,24,106716,3.0,0.0,1032,0,0,3.700602671692633,5.0,4.0,2.2886885410853184,2.0,8.0,4.0,3.2857142857142856,94.51
343,17587479,2014-01-21,26,106716,4.0,0.0,1032,0,0,3.7023037928761977,3.0,6.0,2.299068134204441,3.0,2.0,2.0,3.4285714285714284,94.51
344,17588438,2014-01-21,27,106716,1.0,0.0,1032,0,0,3.687036539809101,2.0,1.0,2.4299715851758243,4.0,3.0,2.0,3.2857142857142856,94.51
346,17589805,2014-01-21,28,106716,4.0,0.0,1032,0,0,3.6887947614955663,4.0,8.0,2.4299715851758243,1.0,4.0,1.0,3.2857142857142856,94.51
348,17591143,2014-01-21,30,106716,4.0,0.0,1032,0,0,3.690533338246988,1.0,3.0,2.214669705568284,4.0,1.0,3.0,3.7142857142857135,94.51
350,17593404,2014-01-21,32,106716,3.0,0.0,1032,0,0,3.686697041923393,8.0,1.0,1.1547005383792537,4.0,4.0,8.0,3.0,94.51
352,17595251,2014-01-21,34,106716,5.0,0.0,1032,0,0,3.6939528593713296,2.0,2.0,1.2724180205607056,3.0,4.0,3.0,3.4285714285714284,94.51
354,17596579,2014-01-21,35,106716,4.0,0.0,1032,0,0,3.695634437067093,3.0,1.0,1.272418020560706,5.0,3.0,7.0,3.571428571428572,94.51
356,17597361,2014-01-21,36,106716,4.0,0.0,1032,0,0,3.69729763686454,4.0,3.0,1.272418020560706,4.0,5.0,2.0,3.571428571428572,94.51
358,17618947,2014-01-21,51,106716,1.0,0.0,1032,0,0,3.682638410577233,1.0,3.0,1.272418020560706,4.0,4.0,2.0,3.571428571428572,94.51
360,17647777,2014-01-22,24,106716,5.0,0.0,1032,0,0,3.689759284033572,4.0,10.0,1.3801311186847105,1.0,4.0,4.0,3.7142857142857135,96.35
362,17650600,2014-01-22,26,106716,3.0,0.0,1032,0,0,3.6860509007860793,4.0,3.0,1.3972762620115458,5.0,1.0,6.0,3.571428571428572,96.35
364,17651611,2014-01-22,27,106716,4.0,0.0,1032,0,0,3.687729772974389,3.0,8.0,1.3801311186847105,3.0,5.0,1.0,3.7142857142857135,96.35
368,17656279,2014-01-22,32,106716,8.0,0.0,1032,0,0,3.710667380564951,5.0,1.0,2.1157009420498167,4.0,3.0,2.0,4.142857142857143,96.35
370,17658002,2014-01-22,34,106716,5.0,0.0,1032,0,0,3.717489246276248,4.0,4.0,2.1380899352993965,8.0,4.0,1.0,4.285714285714286,96.35
372,17659265,2014-01-22,35,106716,1.0,0.0,1032,0,0,3.703186671295846,4.0,2.0,2.4784787961282118,5.0,8.0,6.0,3.857142857142857,96.35
374,17659916,2014-01-22,36,106716,4.0,0.0,1032,0,0,3.704740667781208,1.0,2.0,2.1380899352993965,1.0,5.0,3.0,4.285714285714286,96.35
376,17681323,2014-01-22,51,106716,2.0,0.0,1032,0,0,3.6958618101365146,5.0,8.0,2.2677868380553647,4.0,1.0,4.0,3.857142857142857,96.35
377,17709761,2014-01-23,24,106716,5.0,0.0,1032,0,0,3.702619002830108,3.0,4.0,2.2677868380553647,2.0,4.0,4.0,4.142857142857143,97.23
379,17712426,2014-01-23,26,106716,3.0,0.0,1032,0,0,3.698997255392839,4.0,3.0,2.3094010767585043,5.0,2.0,2.0,4.0,97.23
381,17713365,2014-01-23,27,106716,5.0,0.0,1032,0,0,3.7056690643395434,8.0,8.0,1.618347187425376,3.0,5.0,2.0,3.571428571428572,97.23
383,17714686,2014-01-23,28,106716,4.0,0.0,1032,0,0,3.70717075278679,5.0,2.0,1.5118578920369108,5.0,3.0,2.0,3.4285714285714284,97.23
385,17715944,2014-01-23,30,106716,2.0,0.0,1032,0,0,3.698504911402085,1.0,5.0,1.272418020560706,4.0,5.0,1.0,3.571428571428572,97.23
387,17718074,2014-01-23,32,106716,1.0,0.0,1032,0,0,3.684876098718236,4.0,5.0,1.573591584938888,2.0,4.0,4.0,3.142857142857143,97.23
389,17719772,2014-01-23,34,106716,5.0,0.0,1032,0,0,3.691484761538748,2.0,3.0,1.618347187425376,1.0,2.0,6.0,3.571428571428572,97.23
391,17721076,2014-01-23,35,106716,5.0,0.0,1032,0,0,3.698027337731054,5.0,2.0,1.618347187425376,5.0,1.0,2.0,3.571428571428572,97.23
393,17721855,2014-01-23,36,106716,8.0,0.0,1032,0,0,3.719430186797069,3.0,4.0,2.288688541085319,5.0,5.0,3.0,4.285714285714286,97.23
395,17742993,2014-01-23,51,106716,2.0,0.0,1032,0,0,3.710918156169361,5.0,1.0,2.4102953780654803,8.0,5.0,3.0,3.857142857142857,97.23
397,17771742,2014-01-24,24,106716,6.0,0.0,1032,0,0,3.722194421409905,4.0,8.0,2.544836041121408,2.0,8.0,1.0,4.142857142857143,96.66
399,17774714,2014-01-24,26,106716,3.0,0.0,1032,0,0,3.718654252677504,2.0,2.0,2.429971585175825,6.0,2.0,2.0,4.285714285714286,96.66
401,17775712,2014-01-24,27,106716,2.0,0.0,1032,0,0,3.71027057339615,1.0,3.0,2.2253945610567487,3.0,6.0,4.0,4.428571428571429,96.66
404,17778255,2014-01-24,30,106716,3.0,0.0,1032,0,0,3.7068226579913146,5.0,4.0,2.2677868380553647,2.0,3.0,4.0,4.142857142857143,96.66
406,17780352,2014-01-24,32,106716,2.0,0.0,1032,0,0,3.6985771379044,5.0,1.0,2.36038737740833,3.0,2.0,3.0,3.7142857142857135,96.66
408,17782066,2014-01-24,34,106716,6.0,0.0,1032,0,0,3.709641670895244,8.0,4.0,1.812653934349932,2.0,3.0,8.0,3.4285714285714284,96.66
410,17783376,2014-01-24,35,106716,5.0,0.0,1032,0,0,3.715815634192396,2.0,4.0,1.7728105208558378,6.0,2.0,7.0,3.857142857142857,96.66
412,17784157,2014-01-24,36,106716,5.0,0.0,1032,0,0,3.7219307978390983,6.0,3.0,1.6035674514745475,5.0,6.0,7.0,3.7142857142857135,96.66
414,17806032,2014-01-24,51,106716,1.0,0.0,1032,0,0,3.709030651877776,3.0,5.0,1.9023794624226844,5.0,5.0,3.0,3.4285714285714284,96.66
416,17836836,2014-01-25,24,106716,5.0,0.0,1032,0,0,3.715120129934956,2.0,4.0,1.8644544714716105,1.0,5.0,3.0,3.857142857142857,96.66
418,17839898,2014-01-25,26,106716,3.0,0.0,1032,0,0,3.7117627584329145,3.0,4.0,1.8644544714716105,5.0,1.0,8.0,3.857142857142857,96.66
420,17841155,2014-01-25,27,106716,5.0,0.0,1032,0,0,3.717782558627153,2.0,1.0,1.7043362064926957,3.0,5.0,3.0,4.285714285714286,96.66
422,17842684,2014-01-25,28,106716,1.0,0.0,1032,0,0,3.7051417095172594,6.0,5.0,1.9023794624226849,5.0,3.0,3.0,3.571428571428572,96.66
424,17844080,2014-01-25,30,106716,2.0,0.0,1032,0,0,3.697247534936161,5.0,3.0,1.8644544714716091,1.0,5.0,9.0,3.142857142857143,96.66
426,17846412,2014-01-25,32,106716,2.0,0.0,1032,0,0,3.689426117724474,5.0,4.0,1.7043362064926932,2.0,1.0,2.0,2.7142857142857144,96.66
428,17848347,2014-01-25,34,106716,8.0,0.0,1032,0,0,3.7091993924138102,1.0,8.0,2.4299715851758243,2.0,2.0,6.0,3.7142857142857135,96.66
430,17849718,2014-01-25,35,106716,5.0,0.0,1032,0,0,3.715093459115118,5.0,5.0,2.4299715851758243,8.0,2.0,3.0,3.7142857142857135,96.66
432,17850597,2014-01-25,36,106716,5.0,0.0,1032,0,0,3.7209339433918673,3.0,1.0,2.44948974278318,5.0,8.0,8.0,4.0,96.66
434,17874025,2014-01-25,51,106716,1.0,0.0,1032,0,0,3.708622025095977,5.0,4.0,2.6367367999823106,5.0,5.0,4.0,3.4285714285714284,96.66
436,17904635,2014-01-26,24,106716,5.0,0.0,1032,0,0,3.7144390430009495,1.0,2.0,2.44948974278318,1.0,5.0,3.0,4.0,96.66
438,17907396,2014-01-26,26,106716,2.0,0.0,1032,0,0,3.706750975543546,2.0,5.0,2.44948974278318,5.0,1.0,3.0,4.0,96.66
440,17908610,2014-01-26,27,106716,3.0,0.0,1032,0,0,3.703595837259869,2.0,3.0,2.3401261667248807,2.0,5.0,1.0,4.142857142857143,96.66
443,17911644,2014-01-26,30,106716,1.0,0.0,1032,0,0,3.6915798557609367,8.0,5.0,1.8644544714716091,3.0,2.0,4.0,3.142857142857143,96.66
446,17915890,2014-01-26,34,106716,6.0,0.0,1032,0,0,3.7017941041867735,5.0,4.0,2.058663459163552,1.0,3.0,3.0,3.2857142857142856,96.66
448,17917222,2014-01-26,35,106716,2.0,0.0,1032,0,0,3.6942972138599592,5.0,2.0,1.9518001458970664,6.0,1.0,4.0,2.857142857142857,96.66
450,17918092,2014-01-26,36,106716,5.0,0.0,1032,0,0,3.700023980465837,1.0,1.0,1.9023794624226849,2.0,6.0,1.0,3.4285714285714284,96.66
452,17941326,2014-01-26,51,106716,3.0,0.0,1032,0,0,3.696967107188693,5.0,5.0,1.7728105208558371,5.0,2.0,5.0,3.142857142857143,96.66
453,17970443,2014-01-27,24,106716,6.0,0.0,1032,0,0,3.706980293679177,2.0,5.0,1.976047040118709,3.0,5.0,1.0,3.7142857142857135,95.82
455,17973140,2014-01-27,26,106716,5.0,0.0,1032,0,0,3.712577781585328,3.0,8.0,2.0000000000000013,6.0,3.0,3.0,4.0,95.82
456,17974068,2014-01-27,27,106716,1.0,0.0,1032,0,0,3.7008856359750464,1.0,2.0,2.0000000000000013,5.0,6.0,1.0,4.0,95.82
458,17975452,2014-01-27,28,106716,1.0,0.0,1032,0,0,3.68929385212966,6.0,6.0,2.058663459163552,1.0,5.0,2.0,3.2857142857142856,95.82
460,17976703,2014-01-27,30,106716,4.0,0.0,1032,0,0,3.690621656180388,2.0,3.0,1.9880595947760111,1.0,1.0,3.0,3.571428571428572,95.82
462,17978801,2014-01-27,32,106716,1.0,0.0,1032,0,0,3.679172202324301,5.0,2.0,2.081665999466133,4.0,1.0,4.0,3.0,95.82
464,17980648,2014-01-27,34,106716,7.0,0.0,1032,0,0,3.693243506551741,3.0,3.0,2.572750982712401,1.0,4.0,6.0,3.571428571428572,95.82
466,17981948,2014-01-27,35,106716,3.0,0.0,1032,0,0,3.690318428465024,6.0,2.0,2.3401261667248794,7.0,1.0,1.0,3.142857142857143,95.82
468,17982692,2014-01-27,36,106716,2.0,0.0,1032,0,0,3.683216250194163,5.0,6.0,2.214669705568283,3.0,7.0,8.0,2.7142857142857144,95.82
470,18004445,2014-01-27,51,106716,1.0,0.0,1032,0,0,3.671989403959041,1.0,5.0,2.214669705568283,2.0,3.0,3.0,2.7142857142857144,95.82
471,18033172,2014-01-28,24,106716,2.0,0.0,1032,0,0,3.665022781442545,1.0,5.0,2.1157009420498154,1.0,2.0,1.0,2.857142857142857,97.49
473,18035802,2014-01-28,26,106716,3.0,0.0,1032,0,0,3.6622633508141527,4.0,1.0,2.0586634591635518,2.0,1.0,2.0,2.7142857142857144,97.49
474,18036789,2014-01-28,27,106716,1.0,0.0,1032,0,0,3.651262262587648,1.0,5.0,2.0586634591635518,3.0,2.0,1.0,2.7142857142857144,97.49
477,18039411,2014-01-28,30,106716,1.0,0.0,1032,0,0,3.640351718297164,7.0,3.0,0.8997354108424358,1.0,3.0,3.0,1.8571428571428568,97.49
479,18041567,2014-01-28,32,106716,3.0,0.0,1032,0,0,3.637727326009061,3.0,5.0,0.8997354108424358,1.0,1.0,3.0,1.8571428571428568,97.49
481,18043338,2014-01-28,34,106716,1.0,0.0,1032,0,0,3.62696109202535,2.0,1.0,0.95118973121134,3.0,1.0,10.0,1.7142857142857142,97.49
483,18044623,2014-01-28,35,106716,3.0,0.0,1032,0,0,3.624412469700044,1.0,2.0,0.9999999999999988,1.0,3.0,3.0,2.0,97.49
485,18045310,2014-01-28,36,106716,4.0,0.0,1032,0,0,3.625933066988708,2.0,2.0,1.253566341056017,3.0,1.0,8.0,2.2857142857142856,97.49
487,18066643,2014-01-28,51,106716,2.0,0.0,1032,0,0,3.6193768852669783,3.0,8.0,1.214985792587911,4.0,3.0,1.0,2.142857142857143,97.49
489,18094875,2014-01-29,24,106716,1.0,0.0,1032,0,0,3.6088572993823727,1.0,5.0,1.214985792587911,2.0,4.0,4.0,2.142857142857143,97.34
491,18097707,2014-01-29,26,106716,1.0,0.0,1032,0,0,3.598421870184843,1.0,5.0,1.214985792587911,1.0,2.0,2.0,2.142857142857143,97.34
493,18098658,2014-01-29,27,106716,1.0,0.0,1032,0,0,3.5880695918175727,3.0,1.0,1.2149857925879106,1.0,1.0,2.0,1.8571428571428568,97.34
495,18100083,2014-01-29,28,106716,3.0,0.0,1032,0,0,3.5857359823262334,1.0,5.0,1.214985792587911,1.0,1.0,8.0,2.142857142857143,97.34
497,18101291,2014-01-29,30,106716,3.0,0.0,1032,0,0,3.5834208203407543,3.0,2.0,1.214985792587911,3.0,1.0,4.0,2.142857142857143,97.34
499,18103375,2014-01-29,32,106716,4.0,0.0,1032,0,0,3.585060895851224,4.0,3.0,1.214985792587911,3.0,3.0,3.0,2.142857142857143,97.34
501,18105038,2014-01-29,34,106716,5.0,0.0,1032,0,0,3.5906096766518067,2.0,1.0,1.618347187425374,4.0,3.0,8.0,2.571428571428572,97.34
503,18106287,2014-01-29,35,106716,4.0,0.0,1032,0,0,3.592208857602386,1.0,6.0,1.5275252316519468,5.0,4.0,2.0,3.0,97.34
505,18106913,2014-01-29,36,106716,4.0,0.0,1032,0,0,3.5937955935650225,1.0,2.0,1.272418020560704,4.0,5.0,5.0,3.4285714285714284,97.34
507,18128369,2014-01-29,51,106716,2.0,0.0,1032,0,0,3.5876180912643827,1.0,5.0,0.975900072948534,4.0,4.0,5.0,3.571428571428572,97.34
508,18156322,2014-01-30,24,106716,3.0,0.0,1032,0,0,3.5853492955452158,3.0,3.0,0.975900072948534,2.0,4.0,3.0,3.571428571428572,98.25
510,18158954,2014-01-30,26,106716,1.0,0.0,1032,0,0,3.575405644408503,3.0,6.0,1.3801311186847087,3.0,2.0,2.0,3.2857142857142856,98.25
513,18161250,2014-01-30,28,106716,4.0,0.0,1032,0,0,3.5770324427057885,4.0,5.0,1.3801311186847087,1.0,3.0,4.0,3.2857142857142856,98.25
515,18162478,2014-01-30,30,106716,1.0,0.0,1032,0,0,3.567196441016072,5.0,1.0,1.380131118684708,4.0,1.0,1.0,2.7142857142857144,98.25
517,18164652,2014-01-30,32,106716,3.0,0.0,1032,0,0,3.5650398005559345,4.0,1.0,1.272418020560703,1.0,4.0,8.0,2.571428571428572,98.25
519,18166463,2014-01-30,34,106716,2.0,0.0,1032,0,0,3.559111619493222,4.0,4.0,1.1126972805283724,3.0,1.0,2.0,2.2857142857142856,98.25
521,18167720,2014-01-30,35,106716,1.0,0.0,1032,0,0,3.549454594514003,2.0,1.0,1.2149857925879104,2.0,3.0,3.0,2.142857142857143,98.25
523,18168409,2014-01-30,36,106716,5.0,0.0,1032,0,0,3.5549077727301155,3.0,7.0,1.6183471874253734,1.0,2.0,4.0,2.4285714285714284,98.25
525,18189815,2014-01-30,51,106716,3.0,0.0,1032,0,0,3.5528294664652087,1.0,3.0,1.496026483086191,5.0,1.0,1.0,2.7142857142857144,98.25
527,18218863,2014-01-31,24,106716,1.0,0.0,1032,0,0,3.5433039833813837,4.0,2.0,1.4960264830861902,3.0,5.0,4.0,2.2857142857142856,97.55
529,18221830,2014-01-31,26,106716,7.0,0.0,1032,0,0,3.55615415444688,1.0,1.0,2.1930626551751344,1.0,3.0,4.0,3.142857142857143,97.55
531,18222955,2014-01-31,27,106716,3.0,0.0,1032,0,0,3.554094324245225,3.0,2.0,2.1930626551751344,7.0,1.0,3.0,3.142857142857143,97.55
533,18224361,2014-01-31,28,106716,3.0,0.0,1032,0,0,3.552049695742475,2.0,3.0,2.138089935299396,3.0,7.0,5.0,3.2857142857142856,97.55
535,18225632,2014-01-31,30,106716,3.0,0.0,1032,0,0,3.5500201012728336,1.0,1.0,1.9023794624226849,3.0,3.0,4.0,3.571428571428572,97.55
537,18227781,2014-01-31,32,106716,2.0,0.0,1032,0,0,3.544342371964142,5.0,1.0,1.8644544714716091,3.0,3.0,4.0,3.142857142857143,97.55
539,18229572,2014-01-31,34,106716,13.0,0.0,1032,0,0,3.578852071336536,3.0,3.0,4.157609203101501,2.0,3.0,1.0,4.571428571428571,97.55
541,18230898,2014-01-31,35,106716,1.0,0.0,1032,0,0,3.5694744274407664,1.0,1.0,4.157609203101501,13.0,2.0,5.0,4.571428571428571,97.55
543,18231633,2014-01-31,36,106716,10.0,0.0,1032,0,0,3.592773433138445,7.0,3.0,4.582575694955842,1.0,13.0,3.0,5.0,97.55
545,18253980,2014-01-31,51,106716,3.0,0.0,1032,0,0,3.5906334568455263,3.0,4.0,4.582575694955842,10.0,1.0,4.0,5.0,97.55
547,18279466,2014-02-01,24,106716,4.0,0.0,1032,0,0,3.5921059983676646,3.0,2.0,4.525062483125564,3.0,10.0,8.0,5.142857142857143,97.55
549,18281911,2014-02-01,26,106716,9.0,0.0,1032,0,0,3.6114891309900026,3.0,1.0,4.6188021535170085,4.0,3.0,5.0,6.0,97.55
551,18282970,2014-02-01,27,106716,2.0,0.0,1032,0,0,3.605733812665039,2.0,1.0,4.6188021535170085,9.0,4.0,1.0,6.0,97.55
553,18284163,2014-02-01,28,106716,6.0,0.0,1032,0,0,3.6142543329046646,13.0,1.0,3.464101615137756,2.0,9.0,4.0,5.0,97.55
555,18285328,2014-02-01,30,106716,2.0,0.0,1032,0,0,3.6085300267596128,1.0,3.0,3.287784027201881,6.0,2.0,2.0,5.142857142857143,97.55
557,18287289,2014-02-01,32,106716,7.0,0.0,1032,0,0,3.620514019597918,10.0,3.0,2.690370836538199,2.0,6.0,5.0,4.714285714285714,97.55
559,18288992,2014-02-01,34,106716,6.0,0.0,1032,0,0,3.628892491359897,3.0,4.0,2.60950643025148,7.0,2.0,3.0,5.142857142857143,97.55
561,18290111,2014-02-01,35,106716,7.0,0.0,1032,0,0,3.6407209387586335,4.0,5.0,2.636736799982313,6.0,7.0,5.0,5.571428571428571,97.55
563,18290916,2014-02-01,36,106716,8.0,0.0,1032,0,0,3.6559631732384994,9.0,4.0,2.439750182371336,7.0,6.0,4.0,5.428571428571429,97.55
565,18309655,2014-02-01,51,106716,3.0,0.0,1032,0,0,3.6536775872690272,2.0,4.0,2.225394561056751,8.0,7.0,2.0,5.571428571428571,97.55
567,18333702,2014-02-02,24,106716,1.0,0.0,1032,0,0,3.6444634289798983,6.0,2.0,2.7945525240230897,3.0,8.0,1.0,4.857142857142857,97.55
569,18335921,2014-02-02,26,106716,3.0,0.0,1032,0,0,3.642233451716992,2.0,3.0,2.645751311064593,1.0,3.0,5.0,5.0,97.55
571,18336948,2014-02-02,27,106716,2.0,0.0,1032,0,0,3.6365705777455535,7.0,1.0,2.690370836538198,3.0,1.0,5.0,4.285714285714286,97.55
573,18338171,2014-02-02,28,106716,3.0,0.0,1032,0,0,3.6343830499869783,6.0,4.0,2.6095064302514777,2.0,3.0,8.0,3.857142857142857,97.55
575,18339372,2014-02-02,30,106716,3.0,0.0,1032,0,0,3.632210505295242,7.0,1.0,2.214669705568282,3.0,2.0,2.0,3.2857142857142856,97.55
577,18341285,2014-02-02,32,106716,3.0,0.0,1032,0,0,3.630052790260105,8.0,3.0,0.7867957924694357,3.0,3.0,6.0,2.571428571428572,97.55
579,18342909,2014-02-02,34,106716,11.0,0.0,1032,0,0,3.655120637912282,3.0,2.0,3.3022358947782493,3.0,3.0,3.0,3.7142857142857135,97.55
581,18343969,2014-02-02,35,106716,2.0,0.0,1032,0,0,3.649510059478681,1.0,1.0,3.184785258515422,11.0,3.0,2.0,3.857142857142857,97.55
583,18344666,2014-02-02,36,106716,6.0,0.0,1032,0,0,3.6574509038723337,3.0,5.0,3.2513733362117274,2.0,11.0,3.0,4.285714285714286,97.55
585,18362889,2014-02-02,51,106716,5.0,0.0,1032,0,0,3.661971271199363,2.0,3.0,3.0937725468153894,6.0,2.0,2.0,4.714285714285714,97.55
588,18388777,2014-02-03,26,106716,8.0,0.0,1032,1,0,3.6765284145846,3.0,1.0,3.2071349029490954,5.0,6.0,6.0,5.428571428571429,96.44
590,18389658,2014-02-03,27,106716,2.0,0.0,1032,1,0,3.670921296141173,3.0,7.0,3.3523268393901056,8.0,5.0,5.0,5.285714285714286,96.44
592,18390770,2014-02-03,28,106716,1.0,0.0,1032,1,0,3.662018225154036,3.0,3.0,3.651483716701109,2.0,8.0,5.0,5.0,96.44
594,18391805,2014-02-03,30,106716,1.0,0.0,1032,1,0,3.6531743107847534,11.0,3.0,2.760262237369417,1.0,2.0,1.0,3.571428571428572,96.44
597,18395113,2014-02-03,34,106716,12.0,0.0,1032,1,0,3.6808128064444063,2.0,3.0,4.082482904638632,1.0,1.0,5.0,5.0,96.44
599,18396162,2014-02-03,35,106716,3.0,0.0,1032,1,0,3.678565899492445,6.0,2.0,4.117326918327104,12.0,1.0,3.0,4.571428571428571,96.44
601,18396790,2014-02-03,36,106716,8.0,0.0,1032,1,0,3.6927811432441136,5.0,13.0,4.320493798938575,3.0,12.0,5.0,5.0,96.44
603,18414280,2014-02-03,51,106716,2.0,0.0,1032,1,0,3.687231041135117,8.0,1.0,4.220133150686578,8.0,3.0,1.0,4.142857142857143,96.44
605,18439505,2014-02-04,26,106716,6.0,0.0,1032,0,0,3.69478910962814,2.0,10.0,4.151878519188061,2.0,8.0,2.0,4.714285714285714,97.24
607,18440320,2014-02-04,27,106716,2.0,0.0,1032,0,0,3.6892686239290255,1.0,3.0,4.017817460121497,6.0,2.0,2.0,4.857142857142857,97.24
609,18441390,2014-02-04,28,106716,4.0,0.0,1032,0,0,3.690277492033152,1.0,4.0,3.683941988065038,2.0,6.0,8.0,5.285714285714286,97.24
611,18442472,2014-02-04,30,106716,3.0,0.0,1032,0,0,3.688043584291944,12.0,9.0,2.236067977499791,4.0,2.0,5.0,4.0,97.24
613,18444278,2014-02-04,32,106716,7.0,0.0,1032,0,0,3.698727314665196,3.0,2.0,2.439750182371335,3.0,4.0,5.0,4.571428571428571,97.24
615,18445795,2014-02-04,34,106716,5.0,0.0,1032,0,0,3.702911471209681,8.0,6.0,1.9518001458970684,7.0,3.0,1.0,4.142857142857143,97.24
617,18446811,2014-02-04,35,106716,1.0,0.0,1032,0,0,3.6942482934173424,2.0,2.0,2.1602468994692883,5.0,7.0,5.0,4.0,97.24
619,18447379,2014-02-04,36,106716,13.605467546210788,0.0,1032,0,0,3.7259135306467135,6.0,7.0,4.242674108649761,1.0,5.0,2.0,5.086495363744398,97.24
621,18464540,2014-02-04,51,106716,5.0,0.0,1032,0,0,3.7299711308675847,2.0,6.0,4.0248605583519215,13.605467546210788,1.0,3.0,5.515066792315827,97.24
624,18489640,2014-02-05,26,106716,1.0,0.0,1032,0,0,3.7213045558489575,4.0,7.0,4.358931473676439,5.0,13.605467546210788,1.0,5.086495363744398,97.4
626,18490458,2014-02-05,27,106716,3.0,0.0,1032,0,0,3.7190219464950047,3.0,8.0,4.358931473676439,1.0,5.0,6.0,5.086495363744398,97.4
628,18491546,2014-02-05,28,106716,1.0,0.0,1032,0,0,3.7104445901969134,7.0,3.0,4.507341950923291,3.0,1.0,2.0,4.229352506601542,97.4
630,18492497,2014-02-05,30,106716,4.0,0.0,1032,0,0,3.711355141800068,5.0,1.0,4.494675306138436,1.0,3.0,5.0,4.086495363744398,97.4
632,18494148,2014-02-05,32,106716,2.0,0.0,1032,0,0,3.705990392139253,1.0,3.0,4.395012111764082,4.0,1.0,3.0,4.229352506601542,97.4
634,18495601,2014-02-05,34,106716,6.0,0.0,1032,0,0,3.7131591721638175,13.605467546210788,2.0,1.9518001458970664,2.0,4.0,6.0,3.142857142857143,97.4
636,18496602,2014-02-05,35,106716,1.0,0.0,1032,0,0,3.70470696290474,5.0,3.0,1.9023794624226824,6.0,2.0,5.0,2.571428571428572,97.4
638,18497138,2014-02-05,36,106716,9.0,0.0,1032,0,0,3.721151972336713,1.0,3.0,2.9277002188456005,1.0,6.0,1.0,3.7142857142857135,97.4
640,18514212,2014-02-05,51,106716,1.0,0.0,1032,0,0,3.712727353227312,3.0,3.0,3.101458950082626,9.0,1.0,1.0,3.4285714285714284,97.4
642,18536998,2014-02-06,24,106716,2.0,0.0,1032,0,0,3.707441157692659,1.0,11.0,2.992052966172384,1.0,9.0,4.0,3.571428571428572,97.84
644,18539182,2014-02-06,26,106716,1.0,0.0,1032,0,0,3.699110569515143,4.0,2.0,3.1320159337914952,2.0,1.0,1.0,3.142857142857143,97.84
646,18539881,2014-02-06,27,106716,3.0,0.0,1032,0,0,3.6969660585657103,2.0,6.0,3.0937725468153885,1.0,2.0,7.0,3.2857142857142856,97.84
648,18540932,2014-02-06,28,106716,1.0,0.0,1032,0,0,3.688718455940127,6.0,5.0,2.935821455580638,3.0,1.0,3.0,2.571428571428572,97.84
650,18541946,2014-02-06,30,106716,4.0,0.0,1032,0,0,3.689667485037871,1.0,8.0,2.886751345948129,1.0,3.0,2.0,3.0,97.84
652,18543640,2014-02-06,32,106716,1.0,0.0,1032,0,0,3.681492203928333,9.0,2.0,1.2149857925879082,4.0,1.0,1.0,1.8571428571428568,97.84
654,18545006,2014-02-06,34,106716,5.0,0.0,1032,0,0,3.685487682098247,1.0,1.0,1.6183471874253732,1.0,4.0,2.0,2.4285714285714284,97.84
656,18546001,2014-02-06,35,106716,3.0,0.0,1032,0,0,3.6834167223336,2.0,1.0,1.6183471874253736,5.0,1.0,3.0,2.571428571428572,97.84
658,18546576,2014-02-06,36,106716,6.0,0.0,1032,0,0,3.690394382808498,1.0,12.0,1.8898223650461372,3.0,5.0,1.0,3.2857142857142856,97.84
660,18563256,2014-02-06,51,106716,2.0,0.0,1032,0,0,3.685318123400665,3.0,3.0,1.9518001458970675,6.0,3.0,1.0,3.142857142857143,97.84
661,18585860,2014-02-07,24,106716,3.0,0.0,1032,0,0,3.683266272731801,1.0,8.0,1.7182493859684511,2.0,6.0,3.0,3.4285714285714284,99.98
663,18588161,2014-02-07,26,106716,4.0,0.0,1032,0,0,3.684211746544542,4.0,2.0,1.7182493859684511,3.0,2.0,1.0,3.4285714285714284,99.98
664,18588938,2014-02-07,27,106716,1.0,0.0,1032,0,0,3.6762230211083975,1.0,6.0,1.7182493859684511,4.0,3.0,3.0,3.4285714285714284,99.98
666,18589962,2014-02-07,28,106716,1.0,0.0,1032,0,0,3.668281706505702,5.0,2.0,1.7728105208558371,1.0,4.0,4.0,2.857142857142857,99.98
668,18590882,2014-02-07,30,106716,2.0,0.0,1032,0,0,3.663345961811898,3.0,4.0,1.7994708216848745,1.0,1.0,2.0,2.7142857142857144,99.98
670,18592562,2014-02-07,32,106716,1.0,0.0,1032,0,0,3.655489484048441,6.0,3.0,1.1547005383792484,2.0,1.0,1.0,2.0,99.98
672,18593922,2014-02-07,34,106716,13.605467546210788,0.0,1032,0,0,3.6847541254077423,2.0,7.0,4.535891947243599,1.0,2.0,1.0,3.65792393517297,99.98
674,18594922,2014-02-07,35,106716,2.0,0.0,1032,0,0,3.679813497473995,3.0,5.0,4.575639941944455,13.605467546210788,1.0,1.0,3.515066792315827,99.98
676,18595429,2014-02-07,36,106716,8.0,0.0,1032,0,0,3.692445621750387,4.0,1.0,4.88556780469551,2.0,13.605467546210788,3.0,4.086495363744398,99.98
678,18612550,2014-02-07,51,106716,3.0,0.0,1032,0,0,3.69042682985024,1.0,13.605467546210788,4.731018682046847,8.0,2.0,3.0,4.372209649458684,99.98
679,18636654,2014-02-08,24,106716,7.0,0.0,1032,0,0,3.700047682089048,1.0,5.0,4.558615536960324,3.0,8.0,4.0,5.229352506601542,99.98
681,18639059,2014-02-08,26,106716,4.0,0.0,1032,0,0,3.700917109097485,2.0,1.0,4.381723692130409,7.0,3.0,5.0,5.515066792315827,99.98
683,18639990,2014-02-08,27,106716,1.0,0.0,1032,0,0,3.693110990285065,1.0,3.0,4.381723692130409,4.0,7.0,4.0,5.515066792315827,99.98
685,18641121,2014-02-08,28,106716,4.0,0.0,1032,0,0,3.693995396653119,13.605467546210788,1.0,2.54483604112141,1.0,4.0,4.0,4.142857142857143,99.98
688,18644071,2014-02-08,32,106716,2.0,0.0,1032,0,0,3.689127593789173,2.0,4.0,2.54483604112141,4.0,1.0,2.0,4.142857142857143,99.98
690,18645662,2014-02-08,34,106716,7.0,0.0,1032,0,0,3.698614334208116,8.0,2.0,2.3094010767585056,2.0,4.0,3.0,4.0,99.98
692,18646733,2014-02-08,35,106716,1.0,0.0,1032,0,0,3.6909040075389496,3.0,6.0,2.5634797778466245,7.0,2.0,1.0,3.7142857142857135,99.98
694,18647390,2014-02-08,36,106716,13.605467546210788,0.0,1032,0,0,3.719150627307245,7.0,1.0,4.476512024817134,1.0,7.0,4.0,4.6579239351729695,99.98
696,18665501,2014-02-08,51,106716,2.0,0.0,1032,0,0,3.7142666766614862,4.0,9.0,4.587941198025859,13.605467546210788,1.0,1.0,4.372209649458684,99.98
697,18688657,2014-02-09,24,106716,4.0,0.0,1032,0,0,3.715076119503805,1.0,1.0,4.354619279891016,2.0,13.605467546210788,3.0,4.800781078030113,99.98
699,18690790,2014-02-09,26,106716,3.0,0.0,1032,0,0,3.713056130465658,4.0,2.0,4.401419457591577,4.0,2.0,2.0,4.6579239351729695,99.98
701,18691752,2014-02-09,27,106716,4.0,0.0,1032,0,0,3.713864423055896,2.0,1.0,4.262859664940777,3.0,4.0,1.0,4.943638220887256,99.98
703,18692951,2014-02-09,28,106716,3.0,0.0,1032,0,0,3.711859185912481,7.0,3.0,4.209022582881875,4.0,3.0,5.0,4.372209649458684,99.98
705,18694103,2014-02-09,30,106716,3.0,0.0,1032,0,0,3.709865182590597,1.0,1.0,4.004891997087111,3.0,4.0,3.0,4.6579239351729695,99.98
707,18695957,2014-02-09,32,106716,3.0,0.0,1032,0,0,3.707882318952076,13.605467546210788,4.0,0.6900655593423535,3.0,3.0,1.0,3.142857142857143,99.98
709,18697520,2014-02-09,34,106716,6.0,0.0,1032,0,0,3.714267047868644,2.0,1.0,1.1126972805283757,3.0,3.0,7.0,3.7142857142857135,99.98
711,18698568,2014-02-09,35,106716,4.0,0.0,1032,0,0,3.715060750513453,4.0,5.0,1.1126972805283757,6.0,3.0,3.0,3.7142857142857135,99.98
713,18699195,2014-02-09,36,106716,13.605467546210788,0.0,1032,0,0,3.742457999254997,3.0,3.0,3.8446034403844647,4.0,6.0,3.0,5.229352506601542,99.98
715,18716922,2014-02-09,51,106716,2.0,0.0,1032,0,0,3.737644579367552,4.0,6.0,4.021439110937649,13.605467546210788,4.0,3.0,4.943638220887256,99.98
716,18739951,2014-02-10,24,106716,9.0,0.0,1032,0,0,3.7521414262563466,3.0,2.0,4.174632106433048,2.0,13.605467546210788,2.0,5.800781078030113,100.12
718,18742070,2014-02-10,26,106716,1.0,0.0,1032,0,0,3.744580598162236,3.0,3.0,4.457148099496314,9.0,2.0,13.0,5.515066792315827,100.12
720,18742787,2014-02-10,27,106716,1.0,0.0,1032,0,0,3.737061199263161,3.0,4.0,4.702585347141442,1.0,9.0,1.0,5.229352506601542,100.12
722,18743867,2014-02-10,28,106716,2.0,0.0,1032,0,0,3.732315130412716,6.0,1.0,4.834510651727404,1.0,1.0,10.0,4.6579239351729695,100.12
725,18746492,2014-02-10,32,106716,1.0,0.0,1032,0,0,3.724870130057368,4.0,1.0,5.031513834081446,2.0,1.0,3.0,4.229352506601542,100.12
727,18747935,2014-02-10,34,106716,2.0,0.0,1032,0,0,3.720182982964821,13.605467546210788,2.0,2.8784916685156974,1.0,2.0,4.0,2.571428571428572,100.12
729,18748933,2014-02-10,35,106716,7.0,0.0,1032,0,0,3.729071375964915,2.0,1.0,3.3022358947782497,2.0,1.0,9.0,3.2857142857142856,100.12
731,18749507,2014-02-10,36,106716,7.0,0.0,1032,0,0,3.737911723597443,9.0,13.605467546210788,2.768874620972692,7.0,2.0,2.0,3.0,100.12
733,18766426,2014-02-10,51,106716,1.0,0.0,1032,0,0,3.730531907630873,1.0,2.0,2.768874620972692,7.0,7.0,6.0,3.0,100.12
734,18789074,2014-02-11,24,106716,6.0,0.0,1032,0,0,3.7366326283092848,1.0,8.0,2.8115408417381937,1.0,7.0,2.0,3.7142857142857135,99.96
736,18791159,2014-02-11,26,106716,4.0,0.0,1032,0,0,3.737338707053764,2.0,3.0,2.7080128015453218,6.0,1.0,7.0,4.0,99.96
738,18791916,2014-02-11,27,106716,1.0,0.0,1032,0,0,3.730019619601749,1.0,7.0,2.7080128015453218,4.0,6.0,6.0,4.0,99.96
740,18792948,2014-02-11,28,106716,1.0,0.0,1032,0,0,3.7227395672828094,2.0,4.0,2.853569193634027,1.0,4.0,7.0,3.857142857142857,99.96
743,18795657,2014-02-11,32,106716,5.0,0.0,1032,0,0,3.72613653651876,7.0,1.0,2.5727509827124004,1.0,1.0,8.0,3.571428571428572,99.96
745,18797053,2014-02-11,34,106716,4.0,0.0,1032,0,0,3.726862964803857,7.0,4.0,2.115700942049815,5.0,1.0,3.0,3.142857142857143,99.96
747,18798000,2014-02-11,35,106716,5.0,0.0,1032,0,0,3.730231052198555,1.0,2.0,1.976047040118709,4.0,5.0,1.0,3.7142857142857135,99.96
749,18798533,2014-02-11,36,106716,3.0,0.0,1032,0,0,3.728304321190116,6.0,7.0,1.7043362064926932,5.0,4.0,3.0,3.2857142857142856,99.96
751,18815243,2014-02-11,51,106716,1.0,0.0,1032,0,0,3.7211245729764575,4.0,1.0,1.864454471471608,3.0,5.0,2.0,2.857142857142857,99.96
752,18838070,2014-02-12,24,106716,4.0,0.0,1032,0,0,3.721856529477832,1.0,13.605467546210788,1.7043362064926932,1.0,3.0,3.0,3.2857142857142856,100.38
755,18840906,2014-02-12,27,106716,1.0,0.0,1032,0,0,3.714731250604853,1.0,2.0,1.7043362064926932,4.0,1.0,3.0,3.2857142857142856,100.38
757,18842009,2014-02-12,28,106716,1.0,0.0,1032,0,0,3.7076431794544487,5.0,4.0,1.7043362064926917,1.0,4.0,3.0,2.7142857142857144,100.38
759,18842897,2014-02-12,30,106716,3.0,0.0,1032,0,0,3.7058003586746193,4.0,3.0,1.6183471874253716,1.0,1.0,11.0,2.571428571428572,100.38
761,18844459,2014-02-12,32,106716,4.0,0.0,1032,0,0,3.706564513587153,5.0,4.0,1.3972762620115404,3.0,1.0,2.0,2.4285714285714284,100.38
763,18845843,2014-02-12,34,106716,4.0,0.0,1032,0,0,3.707324709147808,3.0,3.0,1.5118578920369063,4.0,3.0,6.0,2.571428571428572,100.38
766,18847353,2014-02-12,36,106716,7.0,0.0,1032,0,0,3.7158329140337303,1.0,3.0,2.070196678027063,4.0,4.0,5.0,3.4285714285714284,100.38
768,18864276,2014-02-12,51,106716,1.0,0.0,1032,0,0,3.708833344667665,4.0,3.0,2.236067977499789,7.0,4.0,8.0,3.0,100.38
769,18886550,2014-02-13,24,106716,5.0,0.0,1032,0,0,3.71215253915438,1.0,6.0,2.1491969707422407,1.0,7.0,2.0,3.571428571428572,100.27
771,18888680,2014-02-13,26,106716,1.0,0.0,1032,0,0,3.705198301874497,1.0,4.0,2.1491969707422407,5.0,1.0,1.0,3.571428571428572,100.27
773,18889399,2014-02-13,27,106716,3.0,0.0,1032,0,0,3.703394725654869,3.0,13.605467546210788,2.1491969707422407,1.0,5.0,1.0,3.571428571428572,100.27
775,18890435,2014-02-13,28,106716,1.0,0.0,1032,0,0,3.6964983105384026,4.0,2.0,2.340126166724879,3.0,1.0,12.0,3.142857142857143,100.27
777,18891430,2014-02-13,30,106716,3.0,0.0,1032,0,0,3.694726050206244,4.0,9.0,2.3094010767585025,1.0,3.0,3.0,3.0,100.27
779,18893139,2014-02-13,32,106716,2.0,0.0,1032,0,0,3.690424715053436,7.0,1.0,1.4960264830861874,3.0,1.0,8.0,2.2857142857142856,100.27
781,18894541,2014-02-13,34,106716,9.0,0.0,1032,0,0,3.703866677800137,1.0,1.0,2.819996622760558,2.0,3.0,2.0,3.4285714285714284,100.27
784,18896092,2014-02-13,36,106716,7.0,0.0,1032,0,0,3.712190246795591,5.0,2.0,3.0937725468153885,9.0,2.0,6.0,3.7142857142857135,100.27
786,18912736,2014-02-13,51,106716,3.0,0.0,1032,0,0,3.7103963167029055,1.0,1.0,2.8867513459481304,7.0,9.0,2.0,4.0,100.27
787,18934706,2014-02-14,24,106716,7.0,0.0,1032,0,0,3.718661652590588,3.0,2.0,3.0472470011002226,3.0,7.0,4.0,4.571428571428571,100.31
789,18936964,2014-02-14,26,106716,2.0,0.0,1032,0,0,3.714354229902391,1.0,7.0,2.870208222079934,7.0,3.0,3.0,4.714285714285714,100.31
791,18938727,2014-02-14,28,106716,6.0,0.0,1032,0,0,3.720068344327635,3.0,7.0,2.7945525240230915,2.0,7.0,7.0,5.142857142857143,100.31
793,18939642,2014-02-14,30,106716,10.0,0.0,1032,0,0,3.7357290217732015,2.0,1.0,2.9277002188456054,6.0,2.0,5.0,6.285714285714286,100.31
796,18942651,2014-02-14,34,106716,6.0,0.0,1032,0,0,3.741361536644413,9.0,6.0,2.672612419124249,10.0,6.0,1.0,5.857142857142857,100.31
798,18943644,2014-02-14,35,106716,1.0,0.0,1032,0,0,3.734559150697404,7.0,4.0,3.162277660168382,6.0,10.0,13.605467546210788,5.0,100.31
800,18944228,2014-02-14,36,106716,7.0,0.0,1032,0,0,3.742641925076866,3.0,1.0,3.101458950082629,1.0,6.0,5.0,5.571428571428571,100.31
802,18960798,2014-02-14,51,106716,1.0,0.0,1032,0,0,3.735869969706306,7.0,1.0,3.450327796711773,7.0,1.0,1.0,4.714285714285714,100.31
803,18984755,2014-02-15,24,106716,8.0,0.0,1032,0,0,3.746372753032152,2.0,5.0,3.4086724129853905,1.0,7.0,3.0,5.571428571428571,100.31
805,18987119,2014-02-15,26,106716,9.0,0.0,1032,0,0,3.759280928086128,6.0,4.0,3.651483716701112,8.0,1.0,1.0,6.0,100.31
807,18988106,2014-02-15,27,106716,5.0,0.0,1032,0,0,3.7623219062035633,10.0,5.0,3.199702367110925,9.0,8.0,4.0,5.285714285714286,100.31
809,18989279,2014-02-15,28,106716,3.0,0.0,1032,0,0,3.7604580384622346,6.0,3.0,3.287784027201882,5.0,9.0,2.0,4.857142857142857,100.31
811,18990423,2014-02-15,30,106716,3.0,0.0,1032,0,0,3.758603262758668,1.0,1.0,2.968084198523322,3.0,5.0,6.0,5.142857142857143,100.31
813,18992327,2014-02-15,32,106716,4.0,0.0,1032,0,0,3.759190602751956,7.0,4.0,2.870208222079933,3.0,3.0,1.0,4.714285714285714,100.31
815,18993939,2014-02-15,34,106716,13.0,0.0,1032,0,0,3.781619751774403,1.0,1.0,3.735288603626364,4.0,3.0,9.0,6.428571428571429,100.31
817,18995031,2014-02-15,35,106716,4.0,0.0,1032,0,0,3.782148517508605,8.0,1.0,3.7606990231680566,13.0,4.0,1.0,5.857142857142857,100.31
819,18995711,2014-02-15,36,106716,4.0,0.0,1032,0,0,3.7826747288189706,9.0,3.0,3.532165125838612,4.0,13.0,2.0,5.142857142857143,100.31
821,19013733,2014-02-15,51,106716,1.0,0.0,1032,0,0,3.775969488508564,5.0,4.0,3.866830866792724,4.0,4.0,1.0,4.571428571428571,100.31
823,19037285,2014-02-16,24,106716,2.0,0.0,1032,0,0,3.771700331084264,3.0,4.0,3.952094080237417,1.0,4.0,3.0,4.428571428571429,100.31
825,19039464,2014-02-16,26,106716,7.0,0.0,1032,0,0,3.779442056909002,3.0,7.0,4.000000000000002,2.0,1.0,1.0,5.0,100.31
827,19040470,2014-02-16,27,106716,7.0,0.0,1032,0,0,3.787146740983383,4.0,1.0,4.0355562548072985,7.0,2.0,4.0,5.428571428571429,100.31
829,19041667,2014-02-16,28,106716,8.0,0.0,1032,0,0,3.7972012833676714,13.0,5.0,2.6903708365382,7.0,7.0,1.0,4.714285714285714,100.31
831,19042856,2014-02-16,30,106716,3.0,0.0,1032,0,0,3.7953031850739376,4.0,1.0,2.7602622373694192,8.0,7.0,5.0,4.571428571428571,100.31
833,19044711,2014-02-16,32,106716,3.0,0.0,1032,0,0,3.793414103874237,4.0,3.0,2.81999662276056,3.0,8.0,3.0,4.428571428571429,100.31
835,19046309,2014-02-16,34,106716,7.0,0.0,1032,0,0,3.8010126486517866,1.0,1.0,2.49761791275112,3.0,3.0,6.0,5.285714285714286,100.31
837,19047331,2014-02-16,35,106716,4.0,0.0,1032,0,0,3.801483067922113,2.0,3.0,2.1491969707422456,7.0,3.0,2.0,5.571428571428571,100.31
839,19047976,2014-02-16,36,106716,8.0,0.0,1032,0,0,3.811385230497769,7.0,2.0,2.288688541085324,4.0,7.0,3.0,5.714285714285714,100.31
841,19065751,2014-02-16,51,106716,2.0,0.0,1032,0,0,3.80712314760248,7.0,9.0,2.5819888974716148,8.0,4.0,4.0,5.0,100.31
842,19088740,2014-02-17,24,106716,3.0,0.0,1032,0,0,3.8052284923264175,8.0,7.0,2.2886885410853197,2.0,8.0,1.0,4.285714285714286,100.31
844,19090856,2014-02-17,26,106716,2.0,0.0,1032,0,0,3.801000790939236,3.0,3.0,2.4102953780654803,3.0,2.0,1.0,4.142857142857143,100.31
846,19091633,2014-02-17,27,106716,3.0,0.0,1032,0,0,3.7991292937641448,3.0,7.0,2.4102953780654803,2.0,3.0,2.0,4.142857142857143,100.31
848,19092671,2014-02-17,28,106716,2.0,0.0,1032,0,0,3.794935519186606,7.0,2.0,2.149196970742239,3.0,2.0,1.0,3.4285714285714284,100.31
850,19093619,2014-02-17,30,106716,2.0,0.0,1032,0,0,3.790761250537335,4.0,6.0,2.1930626551751327,2.0,3.0,13.605467546210788,3.142857142857143,100.31
852,19095298,2014-02-17,32,106716,3.0,0.0,1032,0,0,3.7889265376590577,8.0,10.0,0.5345224838248332,2.0,2.0,2.0,2.4285714285714284,100.31
854,19096769,2014-02-17,34,106716,3.0,0.0,1032,0,0,3.787100318821884,2.0,6.0,0.5345224838248351,3.0,2.0,8.0,2.571428571428572,100.31
856,19097745,2014-02-17,35,106716,7.0,0.0,1032,0,0,3.794520410464328,3.0,1.0,1.772810520855835,3.0,3.0,3.0,3.142857142857143,100.31
858,19098348,2014-02-17,36,106716,6.0,0.0,1032,0,0,3.799602160670631,2.0,7.0,1.976047040118708,7.0,3.0,7.0,3.7142857142857135,100.31
860,19115095,2014-02-17,51,106716,6.0,0.0,1032,0,0,3.80466054650817,3.0,1.0,2.115700942049817,6.0,7.0,4.0,4.142857142857143,100.31
862,19137559,2014-02-18,24,106716,2.0,0.0,1032,0,0,3.800521416814344,2.0,8.0,2.115700942049817,6.0,6.0,1.0,4.142857142857143,102.54
865,19141310,2014-02-18,28,106716,3.0,0.0,1032,0,0,3.798689560025295,2.0,9.0,1.97604704011871,2.0,6.0,4.0,4.285714285714286,102.54
867,19142306,2014-02-18,30,106716,3.0,0.0,1032,0,0,3.7968660678791184,3.0,5.0,1.97604704011871,3.0,2.0,2.0,4.285714285714286,102.54
869,19144043,2014-02-18,32,106716,1.0,0.0,1032,0,0,3.790495074558209,3.0,3.0,2.3094010767585043,3.0,3.0,7.0,4.0,102.54
871,19145511,2014-02-18,34,106716,5.0,0.0,1032,0,0,3.793243949388759,7.0,3.0,1.976047040118708,1.0,3.0,1.0,3.7142857142857135,102.54
873,19146516,2014-02-18,35,106716,1.0,0.0,1032,0,0,3.786910062882209,6.0,4.0,1.9148542155126744,5.0,1.0,13.605467546210788,3.0,102.54
875,19147084,2014-02-18,36,106716,1.0,0.0,1032,0,0,3.780604836495597,6.0,13.0,1.4960264830861856,1.0,5.0,2.0,2.2857142857142856,102.54
877,19163651,2014-02-18,51,106716,3.0,0.0,1032,0,0,3.778842748828564,2.0,4.0,1.5118578920369037,1.0,1.0,4.0,2.4285714285714284,102.54
879,19185875,2014-02-19,24,106716,6.0,0.0,1032,0,0,3.783845355250121,3.0,4.0,2.035400978396427,3.0,1.0,3.0,2.857142857142857,103.46
881,19187975,2014-02-19,26,106716,3.0,0.0,1032,0,0,3.782083905013604,3.0,1.0,2.035400978396427,6.0,3.0,4.0,2.857142857142857,103.46
883,19188738,2014-02-19,27,106716,1.0,0.0,1032,0,0,3.775846048724336,1.0,2.0,2.035400978396427,3.0,6.0,3.0,2.857142857142857,103.46
885,19189798,2014-02-19,28,106716,4.0,0.0,1032,0,0,3.7763475117025815,5.0,7.0,1.889822365046133,1.0,3.0,3.0,2.7142857142857144,103.46
888,19192379,2014-02-19,32,106716,4.0,0.0,1032,0,0,3.7768467360068168,1.0,7.0,1.772810520855835,4.0,1.0,3.0,3.142857142857143,103.46
890,19193757,2014-02-19,34,106716,6.0,0.0,1032,0,0,3.781798079579185,1.0,8.0,1.7728105208558376,4.0,4.0,6.0,3.857142857142857,103.46
892,19194738,2014-02-19,35,106716,4.0,0.0,1032,0,0,3.782282972735676,3.0,3.0,1.7320508075688787,6.0,4.0,4.0,4.0,103.46
894,19195284,2014-02-19,36,106716,3.0,0.0,1032,0,0,3.780548420689698,6.0,3.0,1.5118578920369086,4.0,6.0,13.605467546210788,3.571428571428572,103.46
896,19211873,2014-02-19,51,106716,3.0,0.0,1032,0,0,3.778821543652774,3.0,7.0,1.5118578920369086,3.0,4.0,2.0,3.571428571428572,103.46
898,19233930,2014-02-20,24,106716,7.0,0.0,1032,0,0,3.785932312872084,1.0,4.0,1.5118578920369126,3.0,3.0,9.0,4.428571428571429,103.2
900,19236022,2014-02-20,26,106716,4.0,0.0,1032,0,0,3.78640382760144,4.0,8.0,1.5118578920369126,7.0,3.0,1.0,4.428571428571429,103.2
902,19236769,2014-02-20,27,106716,2.0,0.0,1032,0,0,3.782477665342976,4.0,2.0,1.772810520855839,4.0,7.0,1.0,4.142857142857143,103.2
904,19237773,2014-02-20,28,106716,2.0,0.0,1032,0,0,3.778568723094416,6.0,3.0,1.718249385968449,2.0,4.0,2.0,3.571428571428572,103.2
906,19238767,2014-02-20,30,106716,2.0,0.0,1032,0,0,3.774676887814122,4.0,2.0,1.7994708216848734,2.0,2.0,1.0,3.2857142857142856,103.2
908,19240410,2014-02-20,32,106716,8.0,0.0,1032,0,0,3.7839024841289386,3.0,3.0,2.516611478423584,2.0,2.0,2.0,4.0,103.2
910,19241812,2014-02-20,34,106716,4.0,0.0,1032,0,0,3.784373284817111,3.0,2.0,2.478478796128212,8.0,2.0,7.0,4.142857142857143,103.2
913,19243321,2014-02-20,36,106716,5.0,0.0,1032,0,0,3.787015951589248,7.0,2.0,2.1930626551751344,4.0,8.0,7.0,3.857142857142857,103.2
915,19281577,2014-02-21,24,106716,11.0,0.0,1032,0,0,3.802662337811397,4.0,3.0,3.4846602621858507,5.0,4.0,1.0,4.857142857142857,102.53
917,19283780,2014-02-21,26,106716,4.0,0.0,1032,0,0,3.8030894756083415,2.0,3.0,3.2877840272018832,11.0,5.0,6.0,5.142857142857143,102.53
919,19284478,2014-02-21,27,106716,5.0,0.0,1032,0,0,3.8056745955314337,2.0,7.0,2.992052966172388,4.0,11.0,4.0,5.571428571428571,102.53
921,19285526,2014-02-21,28,106716,1.0,0.0,1032,0,0,3.799627883041064,2.0,6.0,3.2071349029490968,5.0,4.0,1.0,5.428571428571429,102.53
923,19286460,2014-02-21,30,106716,13.0,0.0,1032,0,0,3.819413629529148,8.0,6.0,4.259443290250169,1.0,5.0,1.0,6.142857142857143,102.53
925,19288070,2014-02-21,32,106716,3.0,0.0,1032,0,0,3.817655231182519,4.0,2.0,4.358898943540678,13.0,1.0,5.0,6.0,102.53
927,19289471,2014-02-21,34,106716,3.0,0.0,1032,0,0,3.815904363449794,5.0,3.0,4.498677054212191,3.0,13.0,4.0,5.714285714285714,102.53
929,19290480,2014-02-21,35,106716,3.0,0.0,1032,0,0,3.814160978057808,11.0,3.0,3.909694909544005,3.0,3.0,5.0,4.571428571428571,102.53
931,19290972,2014-02-21,36,106716,12.0,0.0,1032,0,0,3.8316147926035264,4.0,1.0,4.7858919654294265,3.0,3.0,3.0,5.714285714285714,102.53
933,19307714,2014-02-21,51,106716,3.0,0.0,1032,0,0,3.829845399427774,5.0,5.0,4.894116973712519,12.0,3.0,1.0,5.428571428571429,102.53
935,19331520,2014-02-22,24,106716,8.0,0.0,1032,0,0,3.8386992308514944,1.0,1.0,4.54082014828243,3.0,12.0,4.0,6.428571428571429,102.53
937,19333719,2014-02-22,26,106716,5.0,0.0,1032,0,0,3.8411596138369775,13.0,1.0,3.4982989063393752,8.0,3.0,1.0,5.285714285714286,102.53
939,19334613,2014-02-22,27,106716,2.0,0.0,1032,0,0,3.837267098797154,3.0,3.0,3.6253078686998665,5.0,8.0,1.0,5.142857142857143,102.53
941,19335727,2014-02-22,28,106716,2.0,0.0,1032,0,0,3.8333910078714215,3.0,6.0,3.741657386773944,2.0,5.0,3.0,5.0,102.53
943,19336786,2014-02-22,30,106716,4.0,0.0,1032,0,0,3.833741763644324,3.0,3.0,3.67099311851582,2.0,2.0,4.0,5.142857142857143,102.53
946,19340137,2014-02-22,34,106716,6.0,0.0,1032,0,0,3.838292726325744,12.0,1.0,2.214669705568285,4.0,2.0,4.0,4.285714285714286,102.53
948,19341165,2014-02-22,35,106716,2.0,0.0,1032,0,0,3.834438863167828,3.0,4.0,2.3401261667248803,6.0,4.0,7.0,4.142857142857143,102.53
950,19341761,2014-02-22,36,106716,3.0,0.0,1032,0,0,3.832693175169569,8.0,4.0,1.6183471874253723,2.0,6.0,1.0,3.4285714285714284,102.53
952,19359522,2014-02-22,51,106716,2.0,0.0,1032,0,0,3.828867093384246,5.0,6.0,1.527525231651942,3.0,2.0,5.0,3.0,102.53
954,19382510,2014-02-23,24,106716,5.0,0.0,1032,0,0,3.8313069536063615,2.0,4.0,1.6183471874253723,2.0,3.0,1.0,3.4285714285714284,102.53
956,19384490,2014-02-23,26,106716,2.0,0.0,1032,0,0,3.827499662642524,2.0,3.0,1.6183471874253723,5.0,2.0,3.0,3.4285714285714284,102.53
958,19385435,2014-02-23,27,106716,9.0,0.0,1032,0,0,3.8382309911432655,4.0,3.0,2.672612419124245,2.0,5.0,1.0,4.142857142857143,102.53
960,19386603,2014-02-23,28,106716,5.0,0.0,1032,0,0,3.840636310002182,6.0,7.0,2.581988897471612,9.0,2.0,3.0,4.0,102.53
962,19387731,2014-02-23,30,106716,1.0,0.0,1032,0,0,3.834767226717053,2.0,4.0,2.734262327610589,5.0,9.0,2.0,3.857142857142857,102.53
964,19389439,2014-02-23,32,106716,3.0,0.0,1032,0,0,3.833046057177431,3.0,2.0,2.734262327610589,1.0,5.0,9.0,3.857142857142857,102.53
966,19390829,2014-02-23,34,106716,2.0,0.0,1032,0,0,3.829274357471304,2.0,2.0,2.734262327610589,3.0,1.0,7.0,3.857142857142857,102.53
968,19391804,2014-02-23,35,106716,7.0,0.0,1032,0,0,3.835785087743437,5.0,2.0,2.9680841985233197,2.0,3.0,3.0,4.142857142857143,102.53
970,19392499,2014-02-23,36,106716,6.0,0.0,1032,0,0,3.8402199543669138,2.0,8.0,2.870208222079933,7.0,2.0,7.0,4.714285714285714,102.53
972,19409798,2014-02-23,51,106716,6.0,0.0,1032,0,0,3.844636682476593,9.0,4.0,2.288688541085319,6.0,7.0,2.0,4.285714285714286,102.53
974,19432539,2014-02-24,24,106716,4.0,0.0,1032,0,0,3.8449537504715385,5.0,5.0,2.2677868380553643,6.0,6.0,6.0,4.142857142857143,103.17
976,19434697,2014-02-24,26,106716,3.0,0.0,1032,0,0,3.843232867069356,1.0,11.0,1.902379462422686,4.0,6.0,10.0,4.428571428571429,103.17
978,19435550,2014-02-24,27,106716,5.0,0.0,1032,0,0,3.8455840197785647,3.0,4.0,1.7994708216848785,3.0,4.0,6.0,4.714285714285714,103.17
980,19436600,2014-02-24,28,106716,2.0,0.0,1032,0,0,3.84184044164514,2.0,5.0,1.7994708216848785,5.0,3.0,1.0,4.714285714285714,103.17
982,19437639,2014-02-24,30,106716,1.0,0.0,1032,0,0,3.836087728200514,7.0,1.0,1.9518001458970664,2.0,5.0,7.0,3.857142857142857,103.17
984,19439275,2014-02-24,32,106716,5.0,0.0,1032,0,0,3.838439066123341,6.0,13.0,1.7994708216848738,1.0,2.0,1.0,3.7142857142857135,103.17
986,19440744,2014-02-24,34,106716,5.0,0.0,1032,0,0,3.840780922844867,6.0,3.0,1.6183471874253723,5.0,1.0,8.0,3.571428571428572,103.17
988,19441727,2014-02-24,35,106716,4.0,0.0,1032,0,0,3.841101283161074,4.0,3.0,1.6183471874253723,5.0,5.0,9.0,3.571428571428572,103.17
990,19442305,2014-02-24,36,106716,7.0,0.0,1032,0,0,3.847444453275209,3.0,3.0,2.03540097839643,4.0,5.0,5.0,4.142857142857143,103.17
992,19459233,2014-02-24,51,106716,2.0,0.0,1032,0,0,3.843742159781671,5.0,12.0,2.1380899352993943,7.0,4.0,3.0,3.7142857142857135,103.17
994,19481440,2014-02-25,24,106716,5.0,0.0,1032,0,0,3.846054675462108,2.0,3.0,2.03540097839643,2.0,7.0,3.0,4.142857142857143,102.2
996,19483496,2014-02-25,26,106716,10.0,0.0,1032,0,0,3.858337999463181,1.0,8.0,2.50713268211204,5.0,2.0,4.0,5.428571428571429,102.2
997,19484200,2014-02-25,27,106716,5.0,0.0,1032,0,0,3.860612226555885,5.0,5.0,2.50713268211204,10.0,5.0,13.0,5.428571428571429,102.2
999,19485204,2014-02-25,28,106716,1.0,0.0,1032,0,0,3.8549251247138248,5.0,2.0,3.02371578407382,5.0,10.0,4.0,4.857142857142857,102.2
1001,19486205,2014-02-25,30,106716,5.0,0.0,1032,0,0,3.8571970986727258,4.0,2.0,3.0000000000000027,1.0,5.0,4.0,5.0,102.2
1004,19489239,2014-02-25,34,106716,4.0,0.0,1032,0,0,3.857479876695156,7.0,4.0,2.878491668515699,5.0,1.0,1.0,4.571428571428571,102.2
1006,19490214,2014-02-25,35,106716,3.0,0.0,1032,0,0,3.855785252432913,2.0,6.0,2.7516228977511767,4.0,5.0,2.0,4.714285714285714,102.2
1008,19490795,2014-02-25,36,106716,6.0,0.0,1032,0,0,3.860014472842315,5.0,2.0,2.79455252402309,3.0,4.0,7.0,4.857142857142857,102.2
1011,19529375,2014-02-26,24,106716,6.0,0.0,1032,0,0,3.864227042777665,10.0,3.0,1.7994708216848754,6.0,3.0,7.0,4.285714285714286,102.93
1013,19531617,2014-02-26,26,106716,4.0,0.0,1032,0,0,3.864493787290872,5.0,2.0,1.772810520855837,6.0,6.0,8.0,4.142857142857143,102.93
1015,19532404,2014-02-26,27,106716,3.0,0.0,1032,0,0,3.862798701433439,1.0,5.0,1.272418020560706,4.0,6.0,3.0,4.428571428571429,102.93
1020,19537359,2014-02-26,34,106716,5.0,0.0,1032,0,0,3.865024144287777,5.0,2.0,1.272418020560706,3.0,4.0,3.0,4.428571428571429,102.93
1022,19538338,2014-02-26,35,106716,2.0,0.0,1032,0,0,3.8613815190059646,4.0,9.0,1.5735915849388864,5.0,3.0,7.0,4.142857142857143,102.93
1024,19538905,2014-02-26,36,106716,2.0,0.0,1032,0,0,3.857753094992308,3.0,5.0,1.7320508075688767,2.0,5.0,4.0,4.0,102.93
1026,19555625,2014-02-26,51,106716,1.0,0.0,1032,0,0,3.852193264068198,6.0,1.0,1.7994708216848705,2.0,2.0,8.0,3.2857142857142856,102.93
1028,19577486,2014-02-27,24,106716,9.0,0.0,1032,0,0,3.8621890053030175,6.0,3.0,2.690370836538196,1.0,2.0,2.0,3.7142857142857135,102.68
1030,19579704,2014-02-27,26,106716,2.0,0.0,1032,0,0,3.858580111881887,4.0,2.0,2.7602622373694143,9.0,1.0,3.0,3.4285714285714284,102.68
1032,19580451,2014-02-27,27,106716,3.0,0.0,1032,0,0,3.85691941534053,3.0,7.0,2.7602622373694143,2.0,9.0,2.0,3.4285714285714284,102.68
1034,19581492,2014-02-27,28,106716,4.0,0.0,1032,0,0,3.857195632685432,5.0,6.0,2.6903708365381944,3.0,2.0,3.0,3.2857142857142856,102.68
1036,19582476,2014-02-27,30,106716,2.0,0.0,1032,0,0,3.8536172210617607,2.0,6.0,2.6903708365381944,4.0,3.0,2.0,3.2857142857142856,102.68
1039,19585516,2014-02-27,34,106716,6.0,0.0,1032,0,0,3.857744880252026,2.0,4.0,2.794552524023087,2.0,4.0,2.0,3.857142857142857,102.68
1041,19586529,2014-02-27,35,106716,2.0,0.0,1032,0,0,3.8541791511152663,1.0,3.0,2.6457513110645903,6.0,2.0,3.0,4.0,102.68
1043,19587105,2014-02-27,36,106716,9.0,0.0,1032,0,0,3.864037045461789,9.0,5.0,2.6457513110645903,2.0,6.0,3.0,4.0,102.68
1045,19626311,2014-02-28,24,106716,4.0,0.0,1032,0,0,3.864297012870084,2.0,2.0,2.497617912751116,9.0,2.0,7.0,4.285714285714286,102.88
1047,19628773,2014-02-28,26,106716,3.0,0.0,1032,0,0,3.8626475910897975,3.0,1.0,2.497617912751116,4.0,9.0,6.0,4.285714285714286,102.88
1049,19629634,2014-02-28,27,106716,3.0,0.0,1032,0,0,3.861004452821055,4.0,5.0,2.544836041121408,3.0,4.0,6.0,4.142857142857143,102.88
1051,19630684,2014-02-28,28,106716,4.0,0.0,1032,0,0,3.8612687029107486,2.0,5.0,2.3704530408864097,3.0,3.0,2.0,4.428571428571429,102.88
1053,19631724,2014-02-28,30,106716,1.0,0.0,1032,0,0,3.855839350533309,6.0,4.0,2.563479777846622,4.0,3.0,3.0,3.7142857142857135,102.88
1055,19633432,2014-02-28,32,106716,2.0,0.0,1032,0,0,3.852324503278511,2.0,7.0,2.563479777846622,1.0,4.0,3.0,3.7142857142857135,102.88
1057,19634855,2014-02-28,34,106716,12.0,0.0,1032,0,0,3.867726536353599,9.0,2.0,3.625307868699863,2.0,1.0,1.0,4.142857142857143,102.88
1059,19635898,2014-02-28,35,106716,3.0,0.0,1032,0,0,3.866089316473687,4.0,5.0,3.651483716701107,12.0,2.0,5.0,4.0,102.88
1061,19636541,2014-02-28,36,106716,13.605467546210788,0.0,1032,0,0,3.884430895060762,3.0,10.0,5.085879391102743,3.0,12.0,1.0,5.515066792315827,102.88
1063,19653952,2014-02-28,51,106716,7.0,0.0,1032,0,0,3.8902872279647833,3.0,5.0,4.979805325191284,13.605467546210788,3.0,1.0,6.086495363744398,102.88
1065,19684632,2014-03-01,24,106716,10.0,0.0,1032,0,0,3.90175010370969,4.0,1.0,5.076251322794394,7.0,13.605467546210788,3.0,6.943638220887256,102.88
1067,19687896,2014-03-01,26,106716,6.0,0.0,1032,0,0,3.9056794106315817,1.0,5.0,4.4083661783161405,10.0,7.0,6.0,7.6579239351729695,102.88
1069,19689269,2014-03-01,27,106716,5.0,0.0,1032,0,0,3.9077248696771294,2.0,4.0,3.880912613376263,6.0,10.0,3.0,8.0864953637444,102.88
1071,19690828,2014-03-01,28,106716,6.0,0.0,1032,0,0,3.9116283680545982,12.0,3.0,3.518143058917431,5.0,6.0,1.0,7.229352506601542,102.88
1073,19692345,2014-03-01,30,106716,4.0,0.0,1032,0,0,3.9117929334772152,3.0,6.0,3.333227198526807,6.0,5.0,4.0,7.372209649458684,102.88
1075,19694788,2014-03-01,32,106716,1.0,0.0,1032,0,0,3.906380678954024,13.605467546210788,6.0,2.760262237369421,4.0,6.0,4.0,5.571428571428571,102.88
1077,19696923,2014-03-01,34,106716,7.0,0.0,1032,0,0,3.912120232425352,7.0,4.0,2.760262237369421,1.0,4.0,6.0,5.571428571428571,102.88
1079,19698335,2014-03-01,35,106716,9.0,0.0,1032,0,0,3.9215422319949353,10.0,3.0,2.5071326821120383,7.0,1.0,4.0,5.428571428571429,102.88
1081,19699387,2014-03-01,36,106716,13.605467546210788,0.0,1032,0,0,3.9394422787864616,6.0,5.0,3.999709989333397,9.0,7.0,3.0,6.515066792315827,102.88
1083,19723268,2014-03-01,51,106716,9.0,0.0,1032,0,0,3.948779101150324,5.0,2.0,4.032778846907744,13.605467546210788,9.0,3.0,7.086495363744398,102.88
1085,19752065,2014-03-02,24,106716,4.0,0.0,1032,1,1,3.948873430614136,6.0,2.0,4.190353689366972,9.0,13.605467546210788,7.0,6.800781078030113,102.88
1087,19755083,2014-03-02,26,106716,8.0,0.0,1032,1,1,3.956320354454919,4.0,1.0,4.013776719873549,4.0,9.0,4.0,7.372209649458684,102.88
1089,19756287,2014-03-02,27,106716,1.0,0.0,1032,1,1,3.95089591343757,1.0,9.0,4.01377671987355,8.0,4.0,2.0,7.372209649458684,102.88
1091,19757789,2014-03-02,28,106716,4.0,0.0,1032,1,1,3.9509858476620434,7.0,2.0,4.215249398573213,1.0,8.0,2.0,6.943638220887256,102.88
1093,19759229,2014-03-02,30,106716,1.0,0.0,1032,1,1,3.945590992364672,9.0,3.0,4.628990518899519,4.0,1.0,2.0,5.800781078030113,102.88
1095,19761420,2014-03-02,32,106716,1.0,0.0,1032,1,1,3.940215826320211,13.605467546210788,4.0,3.366501646120693,1.0,4.0,8.0,4.0,102.88
1097,19763340,2014-03-02,34,106716,6.0,0.0,1032,1,1,3.943967710060976,9.0,2.0,2.760262237369416,1.0,1.0,4.0,3.571428571428572,102.88
1099,19764630,2014-03-02,35,106716,10.0,0.0,1032,1,1,3.954978677860865,4.0,6.0,3.6903993847614416,6.0,1.0,5.0,4.428571428571429,102.88
1101,19765649,2014-03-02,36,106716,13.0,0.0,1032,1,1,3.971394324543513,8.0,2.0,4.810702354423641,10.0,6.0,11.0,5.142857142857143,102.88
1103,19787896,2014-03-02,51,106716,3.0,0.0,1032,1,1,3.9696345522164416,1.0,9.0,4.577377082170637,13.0,10.0,4.0,5.428571428571429,102.88
1105,19816407,2014-03-03,24,106716,3.0,0.0,1032,0,1,3.967881144346249,4.0,4.0,4.644505202002533,3.0,13.0,5.0,5.285714285714286,105.34
1106,19820314,2014-03-03,27,106716,5.0,0.0,1032,0,1,3.9697441747716167,1.0,3.0,4.259443290250167,3.0,3.0,1.0,5.857142857142857,105.34
1108,19821745,2014-03-03,28,106716,2.0,0.0,1032,0,1,3.9661950861684248,1.0,3.0,4.082482904638634,5.0,3.0,13.0,6.0,105.34
1110,19823069,2014-03-03,30,106716,1.0,0.0,1032,0,1,3.96086020291992,6.0,4.0,4.498677054212188,2.0,5.0,3.0,5.285714285714286,105.34
1112,19825038,2014-03-03,32,106716,3.0,0.0,1032,0,1,3.959135139718987,10.0,1.0,4.029651999626672,1.0,2.0,3.0,4.285714285714286,105.34
1114,19826745,2014-03-03,34,106716,5.0,0.0,1032,0,1,3.96100048893096,13.0,2.0,1.4638501094227947,3.0,1.0,3.0,3.142857142857143,105.34
1116,19827954,2014-03-03,35,106716,4.0,0.0,1032,0,1,3.961070255498168,3.0,12.0,1.496026483086187,5.0,3.0,12.0,3.2857142857142856,105.34
1118,19828871,2014-03-03,36,106716,4.0,0.0,1032,0,1,3.961139772899064,3.0,3.0,1.5118578920369052,4.0,5.0,3.0,3.4285714285714284,105.34
1120,19850632,2014-03-03,51,106716,1.0,0.0,1032,0,1,3.955861448883201,5.0,13.605467546210788,1.57359158493888,4.0,4.0,8.0,2.857142857142857,105.34
1122,19880028,2014-03-04,24,106716,1.0,0.0,1032,0,1,3.9506019089385687,2.0,7.0,1.704336206492687,1.0,4.0,5.0,2.7142857142857144,103.64
1124,19882799,2014-03-04,26,106716,2.0,0.0,1032,0,1,3.9471372519067054,1.0,10.0,1.5735915849388802,1.0,1.0,2.0,2.857142857142857,103.64
1126,19883940,2014-03-04,27,106716,5.0,0.0,1032,0,1,3.9490040298288576,3.0,6.0,1.7728105208558325,2.0,1.0,2.0,3.142857142857143,103.64
1128,19885454,2014-03-04,28,106716,3.0,0.0,1032,0,1,3.947324376678718,5.0,5.0,1.5735915849388802,5.0,2.0,4.0,2.857142857142857,103.64
1131,19888988,2014-03-04,32,106716,1.0,0.0,1032,0,1,3.9421170897941264,4.0,6.0,1.618347187425366,3.0,5.0,6.0,2.4285714285714284,103.64
1133,19890700,2014-03-04,34,106716,5.0,0.0,1032,0,1,3.943982844485848,4.0,4.0,1.812653934349925,1.0,3.0,2.0,2.571428571428572,103.64
1135,19891922,2014-03-04,35,106716,1.0,0.0,1032,0,1,3.938799776097668,1.0,1.0,1.812653934349925,5.0,1.0,3.0,2.571428571428572,103.64
1137,19892729,2014-03-04,36,106716,3.0,0.0,1032,0,1,3.937149864364632,1.0,7.0,1.676163419695046,1.0,5.0,2.0,2.857142857142857,103.64
1140,19944798,2014-03-05,24,106716,2.0,0.0,1032,0,0,3.933751355830659,2.0,9.0,1.676163419695046,3.0,1.0,5.0,2.857142857142857,101.75
1142,19947786,2014-03-05,26,106716,2.0,0.0,1032,0,0,3.930364751004336,5.0,13.605467546210788,1.3972762620115349,2.0,3.0,2.0,2.4285714285714284,101.75
1143,19948886,2014-03-05,27,106716,9.0,0.0,1032,0,0,3.939227749691391,3.0,9.0,2.8702082220799285,2.0,2.0,9.0,3.2857142857142856,101.75
1146,19951669,2014-03-05,30,106716,3.0,0.0,1032,0,0,3.937588608766973,1.0,4.0,2.69920623252731,9.0,2.0,5.0,3.571428571428572,101.75
1148,19953854,2014-03-05,32,106716,3.0,0.0,1032,0,0,3.935955179134975,5.0,8.0,2.6276913640612154,3.0,9.0,1.0,3.2857142857142856,101.75
1150,19955713,2014-03-05,34,106716,13.0,0.0,1032,0,0,3.951718735345175,1.0,1.0,4.281744192888377,3.0,3.0,3.0,5.0,101.75
1152,19957024,2014-03-05,35,106716,7.0,0.0,1032,0,0,3.957010890318534,3.0,4.0,4.23702501200795,13.0,3.0,2.0,5.571428571428571,101.75
1154,19957855,2014-03-05,36,106716,12.0,0.0,1032,0,0,3.970950212865642,2.0,1.0,4.509249752822899,7.0,13.0,7.0,7.0,101.75
1156,19980455,2014-03-05,51,106716,5.0,0.0,1032,0,0,3.972730575819162,2.0,1.0,4.076646614442766,12.0,7.0,6.0,7.428571428571429,101.75
1158,20010161,2014-03-06,24,106716,2.0,0.0,1032,0,0,3.9693234418367456,9.0,6.0,4.466808810815724,5.0,12.0,6.0,6.428571428571429,101.82
1160,20012968,2014-03-06,26,106716,2.0,0.0,1032,0,0,3.9659280565921993,3.0,10.0,4.60848079502294,2.0,5.0,4.0,6.285714285714286,101.82
1162,20014073,2014-03-06,27,106716,2.0,0.0,1032,0,0,3.962544359420784,3.0,13.0,4.74090608177282,2.0,2.0,3.0,6.142857142857143,101.82
1164,20015410,2014-03-06,28,106716,3.0,0.0,1032,0,0,3.96089050313312,13.0,3.0,3.7289089429432183,2.0,2.0,5.0,4.714285714285714,101.82
1166,20016711,2014-03-06,30,106716,3.0,0.0,1032,0,0,3.959242320451931,7.0,3.0,3.625307868699863,3.0,2.0,2.0,4.142857142857143,101.82
1168,20018959,2014-03-06,32,106716,4.0,0.0,1032,0,0,3.959312110999102,12.0,5.0,1.154700538379243,3.0,3.0,1.0,3.0,101.82
1170,20020897,2014-03-06,34,106716,8.0,0.0,1032,0,0,3.966219269783719,5.0,2.0,2.1491969707422367,4.0,3.0,5.0,3.4285714285714284,101.82
1172,20022239,2014-03-06,35,106716,6.0,0.0,1032,0,0,3.969689885364293,2.0,1.0,2.236067977499789,8.0,4.0,5.0,4.0,101.82
1174,20023065,2014-03-06,36,106716,13.0,0.0,1032,0,0,3.9850737186089873,2.0,3.0,3.866830866792725,6.0,8.0,4.0,5.571428571428571,101.82
1176,20045259,2014-03-06,51,106716,2.0,0.0,1032,0,0,3.981697742897068,2.0,5.0,3.866830866792725,13.0,6.0,7.0,5.571428571428571,101.82
1178,20074473,2014-03-07,24,106716,3.0,0.0,1032,0,0,3.9800310234693983,3.0,4.0,3.866830866792725,2.0,13.0,2.0,5.571428571428571,102.82
1180,20077384,2014-03-07,26,106716,4.0,0.0,1032,0,0,3.980064869192332,3.0,4.0,3.7733400639347714,3.0,2.0,5.0,5.714285714285714,102.82
1182,20078441,2014-03-07,27,106716,1.0,0.0,1032,0,0,3.975022458246152,4.0,1.0,4.151878519188062,4.0,3.0,10.0,5.285714285714286,102.82
1184,20079830,2014-03-07,28,106716,2.0,0.0,1032,0,0,3.9716862716612766,8.0,1.0,4.117326918327103,1.0,4.0,5.0,4.428571428571429,102.82
1187,20083210,2014-03-07,32,106716,3.0,0.0,1032,0,0,3.9700476776112574,6.0,2.0,4.0824829046386295,2.0,1.0,1.0,4.0,102.82
1189,20085037,2014-03-07,34,106716,9.0,0.0,1032,0,0,3.978515610813932,13.0,5.0,2.636736799982308,3.0,2.0,5.0,3.4285714285714284,102.82
1191,20086363,2014-03-07,35,106716,2.0,0.0,1032,0,0,3.975190374493237,2.0,3.0,2.636736799982308,9.0,3.0,4.0,3.4285714285714284,102.82
1193,20087114,2014-03-07,36,106716,6.0,0.0,1032,0,0,3.978587706079657,3.0,1.0,2.794552524023086,2.0,9.0,3.0,3.857142857142857,102.82
1195,20109270,2014-03-07,51,106716,3.0,0.0,1032,0,0,3.976948530692589,4.0,5.0,2.811540841738191,6.0,2.0,6.0,3.7142857142857135,102.82
1197,20139837,2014-03-08,24,106716,5.0,0.0,1032,0,0,3.978659319102802,1.0,1.0,2.563479777846623,3.0,6.0,6.0,4.285714285714286,102.82
1199,20142784,2014-03-08,26,106716,7.0,0.0,1032,0,0,3.98370329352834,2.0,3.0,2.516611478423586,5.0,3.0,4.0,5.0,102.82
1201,20143931,2014-03-08,27,106716,2.0,0.0,1032,0,0,3.98039712137246,3.0,2.0,2.672612419124246,7.0,5.0,3.0,4.857142857142857,102.82
1203,20145406,2014-03-08,28,106716,13.0,0.0,1032,0,0,3.995404780072339,9.0,2.0,3.866830866792724,2.0,7.0,5.0,5.428571428571429,102.82
1205,20146786,2014-03-08,30,106716,7.0,0.0,1032,0,0,4.000395802032352,2.0,9.0,3.5790395093549665,13.0,2.0,2.0,6.142857142857143,102.82
1207,20149024,2014-03-08,32,106716,1.0,0.0,1032,0,0,3.9954200212661286,6.0,3.0,4.076646614442763,7.0,13.0,2.0,5.428571428571429,102.82
1209,20150904,2014-03-08,34,106716,5.0,0.0,1032,0,0,3.9970832331514496,3.0,3.0,3.946064947695184,1.0,7.0,1.0,5.714285714285714,102.82
1211,20152243,2014-03-08,35,106716,3.0,0.0,1032,0,0,3.995435161691695,5.0,13.0,4.076646614442763,5.0,1.0,9.0,5.428571428571429,102.82
1213,20153068,2014-03-08,36,106716,11.0,0.0,1032,0,0,4.006993849543689,7.0,7.0,4.5825756949558425,3.0,5.0,2.0,6.0,102.82
1215,20176141,2014-03-08,51,106716,2.0,0.0,1032,0,0,4.003687434635051,2.0,12.0,4.5825756949558425,11.0,3.0,3.0,6.0,102.82
1216,20206605,2014-03-09,24,106716,3.0,0.0,1032,0,0,4.002036632933348,13.0,5.0,3.4572215654165057,2.0,11.0,4.0,4.571428571428571,102.82
1218,20209345,2014-03-09,26,106716,3.0,0.0,1032,0,0,4.000391252583704,7.0,2.0,3.316624790355399,3.0,2.0,2.0,4.0,102.82
1219,20210511,2014-03-09,27,106716,6.0,0.0,1032,0,0,4.003669299710616,1.0,2.0,3.0937725468153885,3.0,3.0,6.0,4.714285714285714,102.82
1221,20212058,2014-03-09,28,106716,7.0,0.0,1032,0,0,4.008573277943495,5.0,2.0,3.21455025366432,6.0,3.0,2.0,5.0,102.82
1223,20213548,2014-03-09,30,106716,1.0,0.0,1032,0,0,4.003657308535091,3.0,3.0,3.498298906339372,7.0,6.0,9.0,4.714285714285714,102.82
1225,20215855,2014-03-09,32,106716,1.0,0.0,1032,0,0,3.99875737817859,11.0,3.0,2.3603873774083266,1.0,7.0,4.0,3.2857142857142856,102.82
1227,20217762,2014-03-09,34,106716,4.0,0.0,1032,0,0,3.998759401992632,2.0,4.0,2.299068134204438,1.0,1.0,3.0,3.571428571428572,102.82
1229,20219077,2014-03-09,35,106716,3.0,0.0,1032,0,0,3.997135402965001,3.0,8.0,2.299068134204438,4.0,1.0,3.0,3.571428571428572,102.82
1231,20219891,2014-03-09,36,106716,5.0,0.0,1032,0,0,3.99876342990824,3.0,6.0,2.3401261667248776,3.0,4.0,4.0,3.857142857142857,102.82
1233,20243013,2014-03-09,51,106716,3.0,0.0,1032,0,0,3.997144688530754,6.0,13.0,2.1491969707422367,5.0,3.0,1.0,3.4285714285714284,102.82
1235,20272170,2014-03-10,24,106716,4.0,0.0,1032,0,0,3.9971493087758505,7.0,2.0,1.527525231651941,3.0,5.0,2.0,3.0,101.39
1237,20274944,2014-03-10,26,106716,1.0,0.0,1032,0,0,3.992307387436956,1.0,3.0,1.527525231651941,4.0,3.0,12.0,3.0,101.39
1239,20275919,2014-03-10,27,106716,2.0,0.0,1032,0,0,3.989093988424961,1.0,4.0,1.3451854182690928,1.0,4.0,3.0,3.142857142857143,101.39
1241,20277313,2014-03-10,28,106716,2.0,0.0,1032,0,0,3.9858909385241152,4.0,1.0,1.3451854182690914,2.0,1.0,13.605467546210788,2.857142857142857,101.39
1243,20278569,2014-03-10,30,106716,3.0,0.0,1032,0,0,3.984305904860893,3.0,2.0,1.3451854182690914,2.0,2.0,7.0,2.857142857142857,101.39
1245,20280719,2014-03-10,32,106716,2.0,0.0,1032,0,0,3.981120823151646,5.0,3.0,0.9759000729485208,3.0,2.0,10.0,2.4285714285714284,101.39
1247,20282511,2014-03-10,34,106716,2.0,0.0,1032,0,0,3.977945950037621,3.0,9.0,0.951189731211328,2.0,3.0,6.0,2.2857142857142856,101.39
1249,20283812,2014-03-10,35,106716,1.0,0.0,1032,0,0,3.973181236517561,4.0,2.0,0.6900655593423313,2.0,2.0,5.0,1.8571428571428568,101.39
1251,20284519,2014-03-10,36,106716,5.0,0.0,1032,0,0,3.974821522082229,1.0,6.0,1.272418020560694,1.0,2.0,6.0,2.4285714285714284,101.39
1253,20306111,2014-03-10,51,106716,3.0,0.0,1032,0,0,3.9732667828125607,2.0,3.0,1.2724180205606948,5.0,1.0,4.0,2.571428571428572,101.39
1254,20334678,2014-03-11,24,106716,2.0,0.0,1032,0,0,3.970124638253942,2.0,5.0,1.2724180205606948,3.0,5.0,1.0,2.571428571428572,100.29
1256,20337398,2014-03-11,26,106716,3.0,0.0,1032,0,0,3.9685823097352553,3.0,7.0,1.2724180205606948,2.0,3.0,7.0,2.571428571428572,100.29
1258,20338369,2014-03-11,27,106716,3.0,0.0,1032,0,0,3.967044877497581,2.0,2.0,1.2535663410560092,3.0,2.0,9.0,2.7142857142857144,100.29
1260,20339738,2014-03-11,28,106716,2.0,0.0,1032,0,0,3.963927532208361,2.0,13.0,1.2535663410560092,3.0,3.0,13.605467546210788,2.7142857142857144,100.29
1262,20341022,2014-03-11,30,106716,2.0,0.0,1032,0,0,3.960820051935879,1.0,7.0,1.0690449676496885,2.0,3.0,9.0,2.857142857142857,100.29
1264,20343140,2014-03-11,32,106716,1.0,0.0,1032,0,0,3.956142611095538,5.0,1.0,0.7559289460184371,2.0,2.0,4.0,2.2857142857142856,100.29
1266,20344926,2014-03-11,34,106716,13.0,0.0,1032,0,0,3.970407370384031,3.0,5.0,4.151878519188059,1.0,2.0,8.0,3.7142857142857135,100.29
1268,20346238,2014-03-11,35,106716,3.0,0.0,1032,0,0,3.968879169800749,2.0,3.0,4.099941927579439,13.0,1.0,1.0,3.857142857142857,100.29
1270,20346976,2014-03-11,36,106716,6.0,0.0,1032,0,0,3.9720727560117535,3.0,11.0,4.15187851918806,3.0,13.0,4.0,4.285714285714286,100.29
1272,20368325,2014-03-11,51,106716,5.0,0.0,1032,0,0,3.9736864565517673,3.0,2.0,4.117326918327103,6.0,3.0,1.0,4.571428571428571,100.29
1274,20396790,2014-03-12,24,106716,2.0,0.0,1032,0,0,3.970592904112031,2.0,3.0,4.117326918327103,5.0,6.0,1.0,4.571428571428571,98.29
1276,20399648,2014-03-12,26,106716,4.0,0.0,1032,0,0,3.970638924606378,2.0,3.0,3.976119189552021,2.0,5.0,6.0,4.857142857142857,98.29
1278,20400673,2014-03-12,27,106716,3.0,0.0,1032,0,0,3.969122301286681,1.0,6.0,3.7161167647860345,4.0,2.0,10.0,5.142857142857143,98.29
1280,20402089,2014-03-12,28,106716,4.0,0.0,1032,0,0,3.969170472423519,13.0,7.0,1.3451854182690963,3.0,4.0,13.0,3.857142857142857,98.29
1282,20403321,2014-03-12,30,106716,1.0,0.0,1032,0,0,3.9645455962982488,3.0,1.0,1.718249385968447,4.0,3.0,3.0,3.571428571428572,98.29
1284,20405381,2014-03-12,32,106716,13.605467546210788,0.0,1032,0,0,3.979539254074162,6.0,1.0,4.1680322985391705,1.0,4.0,3.0,4.6579239351729695,98.29
1286,20407018,2014-03-12,34,106716,4.0,0.0,1032,0,0,3.979571025418768,5.0,4.0,4.171489545663577,13.605467546210788,1.0,5.0,4.515066792315827,98.29
1288,20408319,2014-03-12,35,106716,3.0,0.0,1032,0,0,3.978052310650676,2.0,3.0,4.087276180416373,4.0,13.605467546210788,2.0,4.6579239351729695,98.29
1290,20409065,2014-03-12,36,106716,2.0,0.0,1032,0,0,3.974990310169793,4.0,5.0,4.2090225828818735,3.0,4.0,1.0,4.372209649458684,98.29
1292,20430515,2014-03-12,51,106716,3.0,0.0,1032,0,0,3.973483369968603,3.0,3.0,4.2090225828818735,2.0,3.0,3.0,4.372209649458684,98.29
1294,20458561,2014-03-13,24,106716,7.0,0.0,1032,0,0,3.9781539203235896,4.0,4.0,4.316176055198074,3.0,2.0,5.0,4.800781078030113,98.57
1296,20461356,2014-03-13,26,106716,5.0,0.0,1032,0,0,3.9797284135126136,1.0,1.0,3.980877029140608,7.0,3.0,4.0,5.372209649458684,98.57
1298,20462391,2014-03-13,27,106716,1.0,0.0,1032,0,0,3.975144215953363,13.605467546210788,2.0,1.9880595947760085,5.0,7.0,4.0,3.571428571428572,98.57
1300,20463712,2014-03-13,28,106716,2.0,0.0,1032,0,0,3.9721102002606554,4.0,2.0,2.058663459163549,1.0,5.0,1.0,3.2857142857142856,98.57
1302,20464963,2014-03-13,30,106716,1.0,0.0,1032,0,0,3.967551749033261,3.0,3.0,2.2360679774997867,2.0,1.0,1.0,3.0,98.57
1304,20467138,2014-03-13,32,106716,1.0,0.0,1032,0,0,3.963007259371648,2.0,2.0,2.340126166724876,1.0,2.0,2.0,2.857142857142857,98.57
1306,20468907,2014-03-13,34,106716,5.0,0.0,1032,0,0,3.964592875183007,3.0,2.0,2.478478796128208,1.0,1.0,5.0,3.142857142857143,98.57
1308,20470207,2014-03-13,35,106716,1.0,0.0,1032,0,0,3.960066779190361,7.0,1.0,1.8898223650461303,5.0,1.0,3.0,2.2857142857142856,98.57
1310,20470979,2014-03-13,36,106716,3.0,0.0,1032,0,0,3.958603262758668,5.0,5.0,1.5275252316519383,1.0,5.0,1.0,2.0,98.57
1312,20520459,2014-03-14,24,106716,4.0,0.0,1032,0,0,3.958666271491151,1.0,3.0,1.618347187425368,3.0,1.0,5.0,2.4285714285714284,99.23
1314,20523396,2014-03-14,26,106716,3.0,0.0,1032,0,0,3.957209331868824,2.0,2.0,1.6183471874253683,4.0,3.0,1.0,2.571428571428572,99.23
1316,20524495,2014-03-14,27,106716,2.0,0.0,1032,0,0,3.954239363231694,1.0,3.0,1.4960264830861858,3.0,4.0,3.0,2.7142857142857144,99.23
1318,20525868,2014-03-14,28,106716,4.0,0.0,1032,0,0,3.9543086975298274,1.0,3.0,1.3451854182690943,2.0,3.0,2.0,3.142857142857143,99.23
1320,20527132,2014-03-14,30,106716,6.0,0.0,1032,0,0,3.957403540650055,5.0,2.0,1.6035674514745435,4.0,2.0,2.0,3.2857142857142856,99.23
1323,20531029,2014-03-14,34,106716,7.0,0.0,1032,0,0,3.9619996078091937,1.0,2.0,1.7728105208558371,6.0,4.0,9.0,4.142857142857143,99.23
1325,20532346,2014-03-14,35,106716,5.0,0.0,1032,0,0,3.963565219260462,3.0,1.0,1.718249385968451,7.0,6.0,3.0,4.428571428571429,99.23
1327,20533128,2014-03-14,36,106716,10.0,0.0,1032,0,0,3.9726562354965154,4.0,13.0,2.6903708365382006,5.0,7.0,3.0,5.285714285714286,99.23
1329,20554747,2014-03-14,51,106716,1.0,0.0,1032,0,0,3.968186075743889,3.0,3.0,3.055050463303896,10.0,5.0,13.0,5.0,99.23
1331,20584985,2014-03-15,24,106716,4.0,0.0,1032,0,0,3.968233844398928,2.0,6.0,2.811540841738196,1.0,10.0,7.0,5.285714285714286,99.23
1333,20588021,2014-03-15,26,106716,3.0,0.0,1032,0,0,3.966782219444807,4.0,5.0,2.9113897843110075,4.0,1.0,12.0,5.142857142857143,99.23
1335,20589308,2014-03-15,27,106716,1.0,0.0,1032,0,0,3.962340928697135,6.0,2.0,3.258688021128691,3.0,4.0,5.0,4.428571428571429,99.23
1337,20590795,2014-03-15,28,106716,5.0,0.0,1032,0,0,3.963891988594449,7.0,4.0,3.078342163598855,1.0,3.0,2.0,4.142857142857143,99.23
1339,20592205,2014-03-15,30,106716,1.0,0.0,1032,0,0,3.959468269208487,5.0,3.0,3.2586880211286897,5.0,1.0,2.0,3.571428571428572,99.23
1341,20594485,2014-03-15,32,106716,1.0,0.0,1032,0,0,3.95505773527524,10.0,4.0,1.7043362064926872,1.0,5.0,2.0,2.2857142857142856,99.23
1343,20596414,2014-03-15,34,106716,11.0,0.0,1032,0,0,3.965541280312033,1.0,1.0,3.592319850008056,1.0,1.0,3.0,3.7142857142857135,99.23
1345,20597772,2014-03-15,35,106716,3.0,0.0,1032,0,0,3.96410659787472,4.0,13.605467546210788,3.598941643369749,11.0,1.0,3.0,3.571428571428572,99.23
1347,20598668,2014-03-15,36,106716,6.0,0.0,1032,0,0,3.967127211230988,3.0,4.0,3.696845502136472,3.0,11.0,4.0,4.0,99.23
1349,20621718,2014-03-15,51,106716,4.0,0.0,1032,0,0,3.9671759116587935,1.0,3.0,3.457221565416506,6.0,3.0,8.0,4.428571428571429,99.23
1351,20652255,2014-03-16,24,106716,6.0,0.0,1032,0,0,3.9701830478841513,5.0,2.0,3.5050983275386574,4.0,6.0,6.0,4.571428571428571,99.23
1353,20655038,2014-03-16,26,106716,2.0,0.0,1032,0,0,3.9672728809005706,1.0,3.0,3.352326839390104,6.0,4.0,13.0,4.714285714285714,99.23
1355,20656300,2014-03-16,27,106716,5.0,0.0,1032,0,0,3.968796077241425,1.0,7.0,2.927700218845602,2.0,6.0,2.0,5.285714285714286,99.23
1357,20657893,2014-03-16,28,106716,6.0,0.0,1032,0,0,3.971787541045193,11.0,5.0,1.618347187425376,5.0,2.0,3.0,4.571428571428571,99.23
1359,20659373,2014-03-16,30,106716,5.0,0.0,1032,0,0,3.973299618190715,3.0,1.0,1.4638501094228027,6.0,5.0,4.0,4.857142857142857,99.23
1361,20661682,2014-03-16,32,106716,1.0,0.0,1032,0,0,3.968933539456221,6.0,2.0,1.951800145897067,5.0,6.0,1.0,4.142857142857143,99.23
1363,20663621,2014-03-16,34,106716,5.0,0.0,1032,0,0,3.970445367110977,4.0,1.0,1.976047040118709,1.0,5.0,2.0,4.285714285714286,99.23
1365,20664948,2014-03-16,35,106716,3.0,0.0,1032,0,0,3.9690245100581056,6.0,1.0,1.864454471471609,5.0,1.0,3.0,3.857142857142857,99.23
1367,20665841,2014-03-16,36,106716,6.0,0.0,1032,0,0,3.971993772470301,2.0,5.0,1.812653934349933,3.0,5.0,9.0,4.428571428571429,99.23
1369,20688970,2014-03-16,51,106716,3.0,0.0,1032,0,0,3.970574803459396,5.0,1.0,1.8644544714716096,6.0,3.0,2.0,4.142857142857143,99.23
1371,20718357,2014-03-17,24,106716,5.0,0.0,1032,0,0,3.972075423279426,6.0,3.0,1.732050807568878,3.0,6.0,6.0,4.0,98.43
1373,20721190,2014-03-17,26,106716,6.0,0.0,1032,0,0,3.9750272785584952,5.0,4.0,1.8644544714716096,5.0,3.0,3.0,4.142857142857143,98.43
1375,20722298,2014-03-17,27,106716,5.0,0.0,1032,0,0,3.976517064490823,1.0,3.0,1.2535663410560205,6.0,5.0,5.0,4.714285714285714,98.43
1377,20723736,2014-03-17,28,106716,2.0,0.0,1032,0,0,3.973648389506076,5.0,2.0,1.6035674514745475,5.0,6.0,7.0,4.285714285714286,98.43
1379,20725035,2014-03-17,30,106716,2.0,0.0,1032,0,0,3.970788029521284,3.0,4.0,1.7728105208558371,2.0,5.0,2.0,4.142857142857143,98.43
1381,20727208,2014-03-17,32,106716,5.0,0.0,1032,0,0,3.9722774824452767,6.0,6.0,1.6329931618554523,2.0,2.0,13.0,4.0,98.43
1383,20729024,2014-03-17,34,106716,6.0,0.0,1032,0,0,3.975207717297234,3.0,7.0,1.718249385968451,5.0,2.0,7.0,4.428571428571429,98.43
1385,20730307,2014-03-17,35,106716,3.0,0.0,1032,0,0,3.973800491153949,5.0,5.0,1.7728105208558376,6.0,5.0,1.0,4.142857142857143,98.43
1387,20731085,2014-03-17,36,106716,13.0,0.0,1032,0,0,3.986806542319433,6.0,10.0,3.804758924845369,3.0,6.0,5.0,5.142857142857143,98.43
1389,20752954,2014-03-17,51,106716,1.0,0.0,1032,0,0,3.982508978949189,5.0,1.0,4.117326918327104,13.0,3.0,3.0,4.571428571428571,98.43
1390,20781574,2014-03-18,24,106716,4.0,0.0,1032,0,0,3.982534109726561,2.0,4.0,3.976119189552021,1.0,13.0,11.0,4.857142857142857,100.08
1392,20784389,2014-03-18,26,106716,4.0,0.0,1032,0,0,3.982559168392663,2.0,3.0,3.804758924845369,4.0,1.0,2.0,5.142857142857143,100.08
1394,20785433,2014-03-18,27,106716,3.0,0.0,1032,0,0,3.981151490500983,5.0,1.0,3.891382420536068,4.0,4.0,3.0,4.857142857142857,100.08
1396,20786818,2014-03-18,28,106716,2.0,0.0,1032,0,0,3.97831722513546,6.0,5.0,3.9880774697543058,3.0,4.0,3.0,4.285714285714286,100.08
1399,20790399,2014-03-18,32,106716,1.0,0.0,1032,0,0,3.974062486242409,3.0,1.0,4.163331998932265,2.0,3.0,6.0,4.0,100.08
1401,20792237,2014-03-18,34,106716,13.0,0.0,1032,0,0,3.9869382886871416,13.0,1.0,4.163331998932265,1.0,2.0,7.0,4.0,100.08
1403,20793568,2014-03-18,35,106716,3.0,0.0,1032,0,0,3.985532393689012,1.0,11.0,3.9880774697543058,13.0,1.0,1.0,4.285714285714286,100.08
1405,20794371,2014-03-18,36,106716,6.0,0.0,1032,0,0,3.988397923712214,4.0,3.0,4.035556254807297,3.0,13.0,1.0,4.571428571428571,100.08
1407,20815905,2014-03-18,51,106716,6.0,0.0,1032,0,0,3.9912553130251225,4.0,6.0,4.059087394500208,6.0,3.0,4.0,4.857142857142857,100.08
1409,20844648,2014-03-19,24,106716,5.0,0.0,1032,0,0,3.9926861565527454,3.0,4.0,3.976119189552021,6.0,6.0,3.0,5.142857142857143,100.71
1411,20847545,2014-03-19,26,106716,4.0,0.0,1032,0,0,3.9926965161043713,2.0,6.0,3.7796447300922735,5.0,6.0,5.0,5.428571428571429,100.71
1413,20848614,2014-03-19,27,106716,3.0,0.0,1032,0,0,3.991292419193333,1.0,2.0,3.450327796711774,4.0,5.0,3.0,5.714285714285714,100.71
1415,20850082,2014-03-19,28,106716,1.0,0.0,1032,0,0,3.987067429900687,13.0,5.0,1.8257418583505525,3.0,4.0,4.0,4.0,100.71
1417,20851361,2014-03-19,30,106716,3.0,0.0,1032,0,0,3.985675233243563,3.0,6.0,1.8257418583505525,1.0,3.0,1.0,4.0,100.71
1419,20853405,2014-03-19,32,106716,8.0,0.0,1032,0,0,3.9913292117882895,6.0,5.0,2.288688541085317,3.0,1.0,2.0,4.285714285714286,100.71
1421,20855206,2014-03-19,34,106716,5.0,0.0,1032,0,0,3.9927478767506135,6.0,1.0,2.193062655175133,8.0,3.0,2.0,4.142857142857143,100.71
1423,20856497,2014-03-19,35,106716,3.0,0.0,1032,0,0,3.991353567934953,5.0,5.0,2.1930626551751327,5.0,8.0,3.0,3.857142857142857,100.71
1425,20857211,2014-03-19,36,106716,8.0,0.0,1032,0,0,3.996975792944861,4.0,3.0,2.6992062325273123,3.0,5.0,2.0,4.428571428571429,100.71
1428,20907400,2014-03-20,24,106716,2.0,0.0,1032,0,0,3.994178908080793,3.0,6.0,2.8115408417381924,8.0,3.0,2.0,4.285714285714286,99.68
1430,20910232,2014-03-20,26,106716,2.0,0.0,1032,0,0,3.9913898466708897,1.0,3.0,2.63673679998231,2.0,8.0,1.0,4.428571428571429,99.68
1431,20911231,2014-03-20,27,106716,4.0,0.0,1032,0,0,3.9914018720247015,3.0,5.0,2.5727509827124004,2.0,2.0,5.0,4.571428571428571,99.68
1433,20912565,2014-03-20,28,106716,1.0,0.0,1032,0,0,3.9872297634165776,8.0,6.0,2.370453040886406,4.0,2.0,3.0,3.571428571428572,99.68
1435,20913825,2014-03-20,30,106716,1.0,0.0,1032,0,0,3.9830692762809,5.0,5.0,2.4494897427831748,1.0,4.0,2.0,3.0,99.68
1437,20915989,2014-03-20,32,106716,1.0,0.0,1032,0,0,3.978920362127519,3.0,2.0,2.5634797778466187,1.0,1.0,3.0,2.7142857142857144,99.68
1439,20917790,2014-03-20,34,106716,8.0,0.0,1032,0,0,3.984505194957897,8.0,2.0,2.5634797778466187,1.0,1.0,3.0,2.7142857142857144,99.68
1441,20919115,2014-03-20,35,106716,8.0,0.0,1032,0,0,3.990074535880286,2.0,5.0,3.207134902949091,8.0,1.0,2.0,3.571428571428572,99.68
1443,20919890,2014-03-20,36,106716,8.0,0.0,1032,0,0,3.995628449265493,2.0,6.0,3.5050983275386565,8.0,8.0,2.0,4.428571428571429,99.68
1445,20970294,2014-03-21,24,106716,4.0,0.0,1032,0,0,3.995634495670382,4.0,3.0,3.5050983275386565,8.0,8.0,1.0,4.428571428571429,99.97
1447,20973299,2014-03-21,26,106716,3.0,0.0,1032,0,0,3.9942593099028816,1.0,13.0,3.251373336211727,4.0,8.0,13.0,4.714285714285714,99.97
1448,20974362,2014-03-21,27,106716,4.0,0.0,1032,0,0,3.994267228096119,1.0,1.0,2.8535691936340277,3.0,4.0,3.0,5.142857142857143,99.97
1450,20975786,2014-03-21,28,106716,3.0,0.0,1032,0,0,3.992897714007832,1.0,4.0,2.439750182371336,4.0,3.0,6.0,5.428571428571429,99.97
1453,20979123,2014-03-21,32,106716,4.0,0.0,1032,0,0,3.9929074833145615,8.0,4.0,2.1930626551751358,3.0,4.0,5.0,4.857142857142857,99.97
1455,20980909,2014-03-21,34,106716,7.0,0.0,1032,0,0,3.997038104903415,8.0,3.0,1.976047040118708,4.0,3.0,2.0,4.714285714285714,99.97
1457,20982260,2014-03-21,35,106716,3.0,0.0,1032,0,0,3.995670425747169,8.0,2.0,1.4142135623730925,7.0,4.0,4.0,4.0,99.97
1459,20983028,2014-03-21,36,106716,7.0,0.0,1032,0,0,3.9997859457118983,4.0,1.0,1.8126539343499315,3.0,7.0,3.0,4.428571428571429,99.97
1461,21005122,2014-03-21,51,106716,3.0,0.0,1032,0,0,3.998418249479735,3.0,13.0,1.8126539343499315,7.0,3.0,4.0,4.428571428571429,99.97
1462,21035905,2014-03-22,24,106716,3.0,0.0,1032,0,0,3.9970542901225214,4.0,3.0,1.8898223650461352,3.0,7.0,1.0,4.285714285714286,99.97
1464,21038941,2014-03-22,26,106716,7.0,0.0,1032,0,0,4.001151078266966,3.0,6.0,2.03540097839643,3.0,3.0,13.605467546210788,4.857142857142857,99.97
1467,21041613,2014-03-22,28,106716,3.0,0.0,1032,0,0,3.999787112220281,4.0,6.0,2.138089935299396,7.0,3.0,4.0,4.714285714285714,99.97
1469,21043023,2014-03-22,30,106716,1.0,0.0,1032,0,0,3.9957057692104576,7.0,5.0,2.267786838055361,3.0,7.0,3.0,3.857142857142857,99.97
1471,21045346,2014-03-22,32,106716,2.0,0.0,1032,0,0,3.9929942124588127,3.0,4.0,2.360387377408327,1.0,3.0,2.0,3.7142857142857135,99.97
1473,21047251,2014-03-22,34,106716,5.0,0.0,1032,0,0,3.994360570379493,7.0,3.0,1.9880595947760056,2.0,1.0,3.0,3.4285714285714284,99.97
1475,21048627,2014-03-22,35,106716,2.0,0.0,1032,0,0,3.991658184782773,3.0,1.0,2.058663459163547,5.0,2.0,7.0,3.2857142857142856,99.97
1476,21049483,2014-03-22,36,106716,8.0,0.0,1032,0,0,3.997082192651808,3.0,3.0,2.708012801545318,2.0,5.0,5.0,4.0,99.97
1479,21103107,2014-03-23,24,106716,4.0,0.0,1032,0,0,3.997086135634711,7.0,8.0,2.3704530408864053,8.0,2.0,1.0,3.571428571428572,99.97
1481,21105842,2014-03-23,26,106716,4.0,0.0,1032,0,0,3.997090067975285,3.0,5.0,2.3603873774083275,4.0,8.0,2.0,3.7142857142857135,99.97
1483,21107078,2014-03-23,27,106716,6.0,0.0,1032,0,0,3.999789407506316,1.0,3.0,2.14919697074224,4.0,4.0,1.0,4.428571428571429,99.97
1487,21112317,2014-03-23,32,106716,1.0,0.0,1032,0,0,3.995752005881139,2.0,8.0,2.360387377408329,6.0,4.0,1.0,4.285714285714286,99.97
1489,21114198,2014-03-23,34,106716,4.0,0.0,1032,0,0,3.9957577155506536,5.0,2.0,2.3401261667248785,1.0,6.0,5.0,4.142857142857143,99.97
1491,21115471,2014-03-23,35,106716,2.0,0.0,1032,0,0,3.993078846133807,2.0,2.0,2.3401261667248785,4.0,1.0,1.0,4.142857142857143,99.97
1493,21116374,2014-03-23,36,106716,7.0,0.0,1032,0,0,3.9971095715411344,8.0,4.0,2.081665999466132,2.0,4.0,3.0,4.0,99.97
1496,21168460,2014-03-24,24,106716,2.0,0.0,1032,1,0,3.994436064751923,4.0,1.0,2.2146697055682814,7.0,2.0,4.0,3.7142857142857135,100.05
1498,21171310,2014-03-24,26,106716,3.0,0.0,1032,1,0,3.993106604772308,4.0,1.0,2.225394561056745,2.0,7.0,3.0,3.571428571428572,100.05
1500,21172337,2014-03-24,27,106716,3.0,0.0,1032,1,0,3.991780694752585,6.0,1.0,1.9518001458970629,3.0,2.0,2.0,3.142857142857143,100.05
1502,21173749,2014-03-24,28,106716,2.0,0.0,1032,1,0,3.9891249871595815,1.0,8.0,1.7994708216848712,3.0,3.0,4.0,3.2857142857142856,100.05
1504,21175046,2014-03-24,30,106716,6.0,0.0,1032,1,0,3.991802583714629,4.0,8.0,2.0701966780270604,2.0,3.0,6.0,3.571428571428572,100.05
1506,21177243,2014-03-24,32,106716,1.0,0.0,1032,1,0,3.9878241228320297,2.0,8.0,2.2253945610567447,6.0,2.0,7.0,3.4285714285714284,100.05
1508,21179038,2014-03-24,34,106716,8.0,0.0,1032,1,0,3.9931523776489857,7.0,4.0,2.507132682112033,1.0,6.0,5.0,3.571428571428572,100.05
1511,21181167,2014-03-24,36,106716,12.0,0.0,1032,1,0,4.003771538951838,2.0,3.0,3.915780041490244,8.0,1.0,10.0,5.0,100.05
1513,21231617,2014-03-25,24,106716,5.0,0.0,1032,0,0,4.005091046847267,3.0,4.0,3.817254061682112,12.0,8.0,1.0,5.285714285714286,99.66
1515,21234346,2014-03-25,26,106716,1.0,0.0,1032,0,0,4.001116058690061,3.0,3.0,4.08248290463863,5.0,12.0,4.0,5.0,99.66
1516,21235243,2014-03-25,27,106716,1.0,0.0,1032,0,0,3.997151572483073,2.0,4.0,4.220133150686577,1.0,5.0,3.0,4.857142857142857,99.66
1518,21236624,2014-03-25,28,106716,2.0,0.0,1032,0,0,3.9945168078755753,6.0,7.0,4.309458036856673,1.0,1.0,1.0,4.285714285714286,99.66
1520,21237938,2014-03-25,30,106716,2.0,0.0,1032,0,0,3.991888985994316,1.0,3.0,4.197504927816954,2.0,1.0,5.0,4.428571428571429,99.66
1522,21240139,2014-03-25,32,106716,2.0,0.0,1032,0,0,3.989268079433798,8.0,7.0,3.952094080237413,2.0,2.0,1.0,3.571428571428572,99.66
1524,21241928,2014-03-25,34,106716,6.0,0.0,1032,0,0,3.9919103027196927,12.0,3.0,1.9760470401187011,2.0,2.0,1.0,2.7142857142857144,99.66
1526,21243214,2014-03-25,35,106716,6.0,0.0,1032,0,0,3.9945455910363337,5.0,3.0,2.193062655175129,6.0,2.0,11.0,2.857142857142857,99.66
1528,21244001,2014-03-25,36,106716,10.0,0.0,1032,0,0,4.0024164356090255,1.0,7.0,3.287784027201879,6.0,6.0,3.0,4.142857142857143,99.66
1530,21265638,2014-03-25,51,106716,2.0,0.0,1032,0,0,3.999795471688071,1.0,3.0,3.1471831698777724,10.0,6.0,6.0,4.285714285714286,99.66
1532,21294320,2014-03-26,24,106716,7.0,0.0,1032,0,0,4.003717307672792,2.0,1.0,3.109126351029606,2.0,10.0,4.0,5.0,100.61
1534,21297185,2014-03-26,26,106716,4.0,0.0,1032,0,0,4.003712454790713,2.0,2.0,2.8702082220799325,7.0,2.0,6.0,5.285714285714286,100.61
1535,21298204,2014-03-26,27,106716,2.0,0.0,1032,0,0,4.0011000526332285,2.0,5.0,2.8702082220799325,4.0,7.0,2.0,5.285714285714286,100.61
1537,21299622,2014-03-26,28,106716,1.0,0.0,1032,0,0,3.9971923702730288,6.0,2.0,3.2586880211286906,2.0,4.0,5.0,4.571428571428571,100.61
1539,21300862,2014-03-26,30,106716,1.0,0.0,1032,0,0,3.993294850935873,6.0,8.0,3.4364987719368973,1.0,2.0,6.0,3.857142857142857,100.61
1542,21304625,2014-03-26,34,106716,4.0,0.0,1032,0,0,3.9933035589216703,10.0,4.0,2.160246899469283,1.0,1.0,5.0,3.0,100.61
1545,21306622,2014-03-26,36,106716,3.0,0.0,1032,0,0,3.99201522745744,2.0,4.0,2.1157009420498123,4.0,1.0,1.0,3.142857142857143,100.61
1548,21356586,2014-03-27,24,106716,2.0,0.0,1032,0,0,3.989434896851925,7.0,6.0,1.2724180205606952,3.0,4.0,5.0,2.4285714285714284,101.25
1550,21359440,2014-03-27,26,106716,2.0,0.0,1032,0,0,3.986861242392867,4.0,1.0,1.069044967649686,2.0,3.0,3.0,2.142857142857143,101.25
1551,21360317,2014-03-27,27,106716,3.0,0.0,1032,0,0,3.985586227867812,2.0,4.0,1.1126972805283633,2.0,2.0,6.0,2.2857142857142856,101.25
1553,21361682,2014-03-27,28,106716,9.0,0.0,1032,0,0,3.992056439186692,1.0,2.0,2.6367367999823084,3.0,2.0,3.0,3.4285714285714284,101.25
1555,21362935,2014-03-27,30,106716,3.0,0.0,1032,0,0,3.990778015940317,1.0,7.0,2.4299715851758226,9.0,3.0,5.0,3.7142857142857135,101.25
1558,21366746,2014-03-27,34,106716,4.0,0.0,1032,0,0,3.990789884645671,4.0,2.0,2.4299715851758226,3.0,9.0,6.0,3.7142857142857135,101.25
1560,21368049,2014-03-27,35,106716,1.0,0.0,1032,0,0,3.986945681709108,3.0,3.0,2.6367367999823084,4.0,3.0,5.0,3.4285714285714284,101.25
1562,21368823,2014-03-27,36,106716,13.605467546210788,0.0,1032,0,0,3.999292949827853,2.0,3.0,4.546091756539204,1.0,4.0,2.0,5.086495363744398,101.25
1565,21418662,2014-03-28,24,106716,3.0,0.0,1032,0,0,3.998011805020381,2.0,2.0,4.447580872093957,13.605467546210788,1.0,2.0,5.229352506601542,101.73
1567,21421628,2014-03-28,26,106716,3.0,0.0,1032,0,0,3.996733940993466,3.0,6.0,4.447580872093957,3.0,13.605467546210788,5.0,5.229352506601542,101.73
1568,21422687,2014-03-28,27,106716,5.0,0.0,1032,0,0,3.998016889918027,9.0,1.0,4.1278517304201205,3.0,3.0,6.0,4.6579239351729695,101.73
1570,21424054,2014-03-28,28,106716,2.0,0.0,1032,0,0,3.99546514420932,3.0,8.0,4.211253775648513,5.0,3.0,3.0,4.515066792315827,101.73
1572,21425315,2014-03-28,30,106716,6.0,0.0,1032,0,0,3.9980219488723177,4.0,12.0,4.238243630656282,2.0,5.0,13.0,4.800781078030113,101.73
1574,21427405,2014-03-28,32,106716,2.0,0.0,1032,0,0,3.995476697982035,1.0,5.0,4.103491097790471,6.0,2.0,1.0,4.943638220887256,101.73
1576,21429139,2014-03-28,34,106716,6.0,0.0,1032,0,0,3.9980269820812944,13.605467546210788,1.0,1.7728105208558345,2.0,6.0,4.0,3.857142857142857,101.73
1578,21430448,2014-03-28,35,106716,2.0,0.0,1032,0,0,3.995488193031636,3.0,1.0,1.8898223650461337,6.0,2.0,4.0,3.7142857142857135,101.73
1580,21431202,2014-03-28,36,106716,7.0,0.0,1032,0,0,3.999301025273981,3.0,2.0,2.2146697055682822,2.0,6.0,3.0,4.285714285714286,101.73
1583,21484650,2014-03-29,24,106716,8.0,0.0,1032,0,0,4.004371619665269,5.0,2.0,2.627691364061218,7.0,2.0,2.0,4.714285714285714,101.73
1585,21487743,2014-03-29,26,106716,2.0,0.0,1032,0,0,4.00183444039987,2.0,2.0,2.627691364061218,8.0,7.0,1.0,4.714285714285714,101.73
1587,21488945,2014-03-29,27,106716,4.0,0.0,1032,0,0,4.001832121259036,6.0,6.0,2.5727509827123995,2.0,8.0,13.0,4.428571428571429,101.73
1589,21490487,2014-03-29,28,106716,4.0,0.0,1032,0,0,4.001829807974618,2.0,6.0,2.3603873774083297,4.0,2.0,3.0,4.714285714285714,101.73
1591,21491884,2014-03-29,30,106716,8.0,0.0,1032,0,0,4.006871636716138,6.0,10.0,2.645751311064591,4.0,4.0,6.0,5.0,101.73
1593,21494184,2014-03-29,32,106716,2.0,0.0,1032,0,0,4.004344090574178,2.0,2.0,2.645751311064591,8.0,4.0,6.0,5.0,101.73
1595,21496150,2014-03-29,34,106716,10.0,0.0,1032,0,0,4.011885796120626,7.0,7.0,3.2071349029490936,2.0,8.0,5.0,5.428571428571429,101.73
1597,21497537,2014-03-29,35,106716,4.0,0.0,1032,0,0,4.011870864215951,8.0,4.0,3.0237157840738185,10.0,2.0,4.0,4.857142857142857,101.73
1599,21498461,2014-03-29,36,106716,7.0,0.0,1032,0,0,4.015620085214426,2.0,2.0,2.81999662276056,4.0,10.0,3.0,5.571428571428571,101.73
1601,21522072,2014-03-29,51,106716,1.0,0.0,1032,0,0,4.011841112676563,4.0,1.0,3.287784027201881,7.0,4.0,1.0,5.142857142857143,101.73
1603,21552754,2014-03-30,24,106716,7.0,0.0,1032,0,0,4.015580986127531,4.0,1.0,3.309438162646488,1.0,7.0,3.0,5.571428571428571,101.73
1605,21555478,2014-03-30,26,106716,1.0,0.0,1032,0,0,4.011811509894872,8.0,4.0,3.505098327538656,7.0,1.0,8.0,4.571428571428571,101.73
1606,21556703,2014-03-30,27,106716,4.0,0.0,1032,0,0,4.011796763939946,2.0,3.0,3.338091841585121,1.0,7.0,5.0,4.857142857142857,101.73
1608,21558278,2014-03-30,28,106716,5.0,0.0,1032,0,0,4.013028937550994,10.0,2.0,2.478478796128209,4.0,1.0,3.0,4.142857142857143,101.73
1610,21559748,2014-03-30,30,106716,5.0,0.0,1032,0,0,4.014258042236484,4.0,2.0,2.4976179127511147,5.0,4.0,8.0,4.285714285714286,101.73
1612,21562006,2014-03-30,32,106716,5.0,0.0,1032,0,0,4.015484089447633,7.0,3.0,2.236067977499788,5.0,5.0,2.0,4.0,101.73
1614,21563995,2014-03-30,34,106716,5.0,0.0,1032,0,0,4.0167070905787545,1.0,9.0,1.8126539343499315,5.0,5.0,2.0,4.571428571428571,101.73
1616,21565308,2014-03-30,35,106716,4.0,0.0,1032,0,0,4.0166863621785325,7.0,3.0,1.4638501094227974,5.0,5.0,4.0,4.142857142857143,101.73
1618,21566201,2014-03-30,36,106716,13.605467546210788,0.0,1032,0,0,4.028568371080679,1.0,4.0,3.4112778652936004,4.0,5.0,1.0,5.943638220887256,101.73
1620,21589601,2014-03-30,51,106716,2.0,0.0,1032,0,0,4.026057766661024,4.0,1.0,3.674779457272976,13.605467546210788,4.0,1.0,5.6579239351729695,101.73
1622,21619649,2014-03-31,24,106716,8.0,0.0,1032,0,0,4.030969932586042,5.0,13.605467546210788,3.759227900797821,2.0,13.605467546210788,1.0,6.086495363744398,101.57
1624,21622547,2014-03-31,26,106716,3.0,0.0,1032,0,0,4.029697130200133,5.0,3.0,3.927792411019405,8.0,2.0,8.0,5.800781078030113,101.57
1625,21623676,2014-03-31,27,106716,7.0,0.0,1032,0,0,4.033359649151797,5.0,3.0,3.932572662198389,3.0,8.0,8.0,6.086495363744398,101.57
1627,21625090,2014-03-31,28,106716,2.0,0.0,1032,0,0,4.030855511652842,5.0,5.0,4.2234272093797,7.0,3.0,8.0,5.6579239351729695,101.57
1629,21626416,2014-03-31,30,106716,2.0,0.0,1032,0,0,4.028357534393736,4.0,2.0,4.417470836101357,2.0,7.0,4.0,5.372209649458684,101.57
1631,21628676,2014-03-31,32,106716,3.0,0.0,1032,0,0,4.027094195899395,13.605467546210788,6.0,2.5448360411214046,2.0,2.0,3.0,3.857142857142857,101.57
1633,21630578,2014-03-31,34,106716,6.0,0.0,1032,0,0,4.02951493921731,2.0,2.0,2.5071326821120343,3.0,2.0,4.0,4.428571428571429,101.57
1635,21631928,2014-03-31,35,106716,8.0,0.0,1032,0,0,4.034380729732975,8.0,6.0,2.5071326821120343,6.0,3.0,3.0,4.428571428571429,101.57
1637,21632797,2014-03-31,36,106716,7.0,0.0,1032,0,0,4.03801061868067,3.0,2.0,2.581988897471613,8.0,6.0,4.0,5.0,101.57
1639,21655135,2014-03-31,51,106716,4.0,0.0,1032,0,0,4.037964150931672,7.0,7.0,2.439750182371333,7.0,8.0,7.0,4.571428571428571,101.57
